2025-06-20 17:21:58,795 - training - INFO - 종합 훈련 매니저 초기화 완료
2025-06-20 17:21:58,796 - training - INFO - 종합 훈련 시작
2025-06-20 17:21:58,796 - training - INFO - 훈련 시작: dqn on CartPole-v1
2025-06-20 17:21:58,797 - training - INFO - 환경별 훈련 시작
2025-06-20 17:21:58,797 - training - DEBUG - 환경 생성
2025-06-20 17:21:58,798 - training - ERROR - 환경 CartPole-v1, 알고리즘 dqn 훈련 실패: ConfigManager.get_config() takes from 1 to 2 positional arguments but 3 were given
2025-06-20 17:21:58,799 - training - ERROR - 훈련 실패
2025-06-20 17:21:58,801 - training - INFO - 종합 훈련 완료
2025-06-20 17:22:55,923 - training - INFO - 종합 훈련 매니저 초기화 완료
2025-06-20 17:22:55,924 - training - INFO - 종합 훈련 시작
2025-06-20 17:22:55,924 - training - INFO - 훈련 시작: dqn on CartPole-v1
2025-06-20 17:22:55,925 - training - INFO - 환경별 훈련 시작
2025-06-20 17:22:55,925 - training - DEBUG - 환경 생성
2025-06-20 17:22:55,926 - training - ERROR - 환경 CartPole-v1, 알고리즘 dqn 훈련 실패: "Configuration section 'environments' not found"
2025-06-20 17:22:55,926 - training - ERROR - 훈련 실패
2025-06-20 17:22:55,929 - training - INFO - 종합 훈련 완료
2025-06-20 17:23:59,189 - training - INFO - 종합 훈련 매니저 초기화 완료
2025-06-20 17:23:59,190 - training - INFO - 종합 훈련 시작
2025-06-20 17:23:59,191 - training - INFO - 훈련 시작: dqn on CartPole-v1
2025-06-20 17:23:59,191 - training - INFO - 환경별 훈련 시작
2025-06-20 17:23:59,192 - training - DEBUG - 환경 생성
2025-06-20 17:23:59,263 - training - ERROR - 환경 CartPole-v1, 알고리즘 dqn 훈련 실패: 'TimeLimit' object has no attribute 'seed'
2025-06-20 17:23:59,263 - training - ERROR - 훈련 실패
2025-06-20 17:23:59,266 - training - INFO - 종합 훈련 완료
2025-06-20 17:25:07,562 - training - INFO - 종합 훈련 매니저 초기화 완료
2025-06-20 17:25:07,563 - training - INFO - 종합 훈련 시작
2025-06-20 17:25:07,564 - training - INFO - 훈련 시작: dqn on CartPole-v1
2025-06-20 17:25:07,564 - training - INFO - 환경별 훈련 시작
2025-06-20 17:25:07,565 - training - DEBUG - 환경 생성
2025-06-20 17:25:07,635 - training - DEBUG - 에이전트 생성
2025-06-20 17:25:07,636 - training - ERROR - 환경 CartPole-v1, 알고리즘 dqn 훈련 실패: 'dict' object has no attribute 'dict'
2025-06-20 17:25:07,636 - training - ERROR - 훈련 실패
2025-06-20 17:25:07,639 - training - INFO - 종합 훈련 완료
2025-06-20 17:25:53,689 - training - INFO - 종합 훈련 매니저 초기화 완료
2025-06-20 17:25:53,690 - training - INFO - 종합 훈련 시작
2025-06-20 17:25:53,690 - training - INFO - 훈련 시작: dqn on CartPole-v1
2025-06-20 17:25:53,691 - training - INFO - 환경별 훈련 시작
2025-06-20 17:25:53,691 - training - DEBUG - 환경 생성
2025-06-20 17:25:53,760 - training - DEBUG - 에이전트 생성
2025-06-20 17:25:53,761 - training - ERROR - 환경 CartPole-v1, 알고리즘 dqn 훈련 실패: 'GPUConfig' object has no attribute 'device'
2025-06-20 17:25:53,761 - training - ERROR - 훈련 실패
2025-06-20 17:25:53,764 - training - INFO - 종합 훈련 완료
2025-06-20 17:27:28,472 - training - INFO - 종합 훈련 매니저 초기화 완료
2025-06-20 17:27:28,473 - training - INFO - 종합 훈련 시작
2025-06-20 17:27:28,473 - training - INFO - 훈련 시작: dqn on CartPole-v1
2025-06-20 17:27:28,474 - training - INFO - 환경별 훈련 시작
2025-06-20 17:27:28,475 - training - DEBUG - 환경 생성
2025-06-20 17:27:28,545 - training - DEBUG - 에이전트 생성
2025-06-20 17:27:28,546 - training - ERROR - 환경 CartPole-v1, 알고리즘 dqn 훈련 실패: DQNAgent.__init__() got an unexpected keyword argument 'agent'
2025-06-20 17:27:28,546 - training - ERROR - 훈련 실패
2025-06-20 17:27:28,549 - training - INFO - 종합 훈련 완료
2025-06-20 17:28:11,702 - training - INFO - 종합 훈련 매니저 초기화 완료
2025-06-20 17:28:11,703 - training - INFO - 종합 훈련 시작
2025-06-20 17:28:11,703 - training - INFO - 훈련 시작: dqn on CartPole-v1
2025-06-20 17:28:11,704 - training - INFO - 환경별 훈련 시작
2025-06-20 17:28:11,704 - training - DEBUG - 환경 생성
2025-06-20 17:28:11,776 - training - DEBUG - 에이전트 생성
2025-06-20 17:28:27,036 - training - ERROR - 환경 CartPole-v1, 알고리즘 dqn 훈련 실패: EpisodeCheckpointManager.__init__() got an unexpected keyword argument 'session_id'
2025-06-20 17:28:27,037 - training - ERROR - 훈련 실패
2025-06-20 17:28:27,040 - training - INFO - 종합 훈련 완료
2025-06-20 17:29:36,042 - training - INFO - 종합 훈련 매니저 초기화 완료
2025-06-20 17:29:36,042 - training - INFO - 종합 훈련 시작
2025-06-20 17:29:36,043 - training - INFO - 훈련 시작: dqn on CartPole-v1
2025-06-20 17:29:36,043 - training - INFO - 환경별 훈련 시작
2025-06-20 17:29:36,044 - training - DEBUG - 환경 생성
2025-06-20 17:29:36,113 - training - DEBUG - 에이전트 생성
2025-06-20 17:29:48,856 - training - ERROR - 환경 CartPole-v1, 알고리즘 dqn 훈련 실패: AdvancedConvergenceDetector.__init__() got an unexpected keyword argument 'patience'
2025-06-20 17:29:48,857 - training - ERROR - 훈련 실패
2025-06-20 17:29:48,860 - training - INFO - 종합 훈련 완료
2025-06-20 17:30:58,155 - training - INFO - 종합 훈련 매니저 초기화 완료
2025-06-20 17:30:58,156 - training - INFO - 종합 훈련 시작
2025-06-20 17:30:58,157 - training - INFO - 훈련 시작: dqn on CartPole-v1
2025-06-20 17:30:58,157 - training - INFO - 환경별 훈련 시작
2025-06-20 17:30:58,158 - training - DEBUG - 환경 생성
2025-06-20 17:30:58,227 - training - DEBUG - 에이전트 생성
2025-06-20 17:31:13,231 - training - INFO - 훈련 시작
2025-06-20 17:31:13,232 - training - ERROR - 환경 CartPole-v1, 알고리즘 dqn 훈련 실패: 'ReplayBuffer' object has no attribute 'store'
2025-06-20 17:31:13,232 - training - ERROR - 훈련 실패
2025-06-20 17:31:13,235 - training - INFO - 종합 훈련 완료
2025-06-20 17:31:57,444 - training - INFO - 종합 훈련 매니저 초기화 완료
2025-06-20 17:31:57,445 - training - INFO - 종합 훈련 시작
2025-06-20 17:31:57,445 - training - INFO - 훈련 시작: dqn on CartPole-v1
2025-06-20 17:31:57,446 - training - INFO - 환경별 훈련 시작
2025-06-20 17:31:57,446 - training - DEBUG - 환경 생성
2025-06-20 17:31:57,518 - training - DEBUG - 에이전트 생성
2025-06-20 17:32:12,476 - training - INFO - 훈련 시작
2025-06-20 17:32:12,706 - training - ERROR - 환경 CartPole-v1, 알고리즘 dqn 훈련 실패: unsupported operand type(s) for +=: 'int' and 'dict'
2025-06-20 17:32:12,707 - training - ERROR - 훈련 실패
2025-06-20 17:32:12,710 - training - INFO - 종합 훈련 완료
2025-06-20 17:33:14,321 - training - INFO - 종합 훈련 매니저 초기화 완료
2025-06-20 17:33:14,321 - training - INFO - 종합 훈련 시작
2025-06-20 17:33:14,322 - training - INFO - 훈련 시작: dqn on CartPole-v1
2025-06-20 17:33:14,322 - training - INFO - 환경별 훈련 시작
2025-06-20 17:33:14,323 - training - DEBUG - 환경 생성
2025-06-20 17:33:14,399 - training - DEBUG - 에이전트 생성
2025-06-20 17:33:27,033 - training - INFO - 훈련 시작
2025-06-20 17:33:27,034 - training - INFO - 에피소드 0
2025-06-20 17:33:27,035 - training - ERROR - 환경 CartPole-v1, 알고리즘 dqn 훈련 실패: 'EpisodeCheckpointManager' object has no attribute 'save_episode_checkpoint'
2025-06-20 17:33:27,035 - training - ERROR - 훈련 실패
2025-06-20 17:33:27,039 - training - INFO - 종합 훈련 완료
2025-06-20 17:35:04,297 - training - INFO - 종합 훈련 매니저 초기화 완료
2025-06-20 17:35:04,298 - training - INFO - 종합 훈련 시작
2025-06-20 17:35:04,298 - training - INFO - 훈련 시작: dqn on CartPole-v1
2025-06-20 17:35:04,299 - training - INFO - 환경별 훈련 시작
2025-06-20 17:35:04,299 - training - DEBUG - 환경 생성
2025-06-20 17:35:04,371 - training - DEBUG - 에이전트 생성
2025-06-20 17:35:17,284 - training - INFO - 훈련 시작
2025-06-20 17:35:17,285 - training - INFO - 에피소드 0
2025-06-20 17:35:17,321 - training - DEBUG - 체크포인트 저장
2025-06-20 17:35:17,571 - training - ERROR - 환경 CartPole-v1, 알고리즘 dqn 훈련 실패: unsupported operand type(s) for +=: 'int' and 'dict'
2025-06-20 17:35:17,572 - training - ERROR - 훈련 실패
2025-06-20 17:35:17,575 - training - INFO - 종합 훈련 완료
2025-06-20 17:36:13,446 - training - INFO - 종합 훈련 매니저 초기화 완료
2025-06-20 17:36:13,447 - training - INFO - 종합 훈련 시작
2025-06-20 17:36:13,448 - training - INFO - 훈련 시작: dqn on CartPole-v1
2025-06-20 17:36:13,448 - training - INFO - 환경별 훈련 시작
2025-06-20 17:36:13,449 - training - DEBUG - 환경 생성
2025-06-20 17:36:13,522 - training - DEBUG - 에이전트 생성
2025-06-20 17:36:28,736 - training - INFO - 훈련 시작
2025-06-20 17:36:28,737 - training - INFO - 에피소드 0
2025-06-20 17:36:28,773 - training - DEBUG - 체크포인트 저장
2025-06-20 17:36:29,176 - training - INFO - 에피소드 10
2025-06-20 17:36:29,199 - training - DEBUG - 체크포인트 저장
2025-06-20 17:36:29,358 - training - INFO - 에피소드 20
2025-06-20 17:36:29,368 - training - DEBUG - 체크포인트 저장
2025-06-20 17:36:29,515 - training - INFO - 에피소드 30
2025-06-20 17:36:29,526 - training - DEBUG - 체크포인트 저장
2025-06-20 17:36:29,680 - training - INFO - 에피소드 40
2025-06-20 17:36:29,694 - training - DEBUG - 체크포인트 저장
2025-06-20 17:36:28,364 - training - INFO - 훈련 완료
2025-06-20 17:36:28,366 - training - INFO - 훈련 결과 저장
2025-06-20 17:36:28,370 - training - INFO - 종합 훈련 완료
2025-06-20 17:37:41,197 - training - INFO - 종합 훈련 매니저 초기화 완료
2025-06-20 17:37:41,197 - training - INFO - 종합 훈련 시작
2025-06-20 17:37:41,198 - training - INFO - 훈련 시작: dqn on ContinuousCartPole
2025-06-20 17:37:41,198 - training - INFO - 환경별 훈련 시작
2025-06-20 17:37:41,199 - training - DEBUG - 환경 생성
2025-06-20 17:37:41,269 - training - DEBUG - 에이전트 생성
2025-06-20 17:37:54,055 - training - INFO - 훈련 시작
2025-06-20 17:37:54,056 - training - INFO - 에피소드 0
2025-06-20 17:37:54,091 - training - DEBUG - 체크포인트 저장
2025-06-20 17:37:54,455 - training - INFO - 에피소드 10
2025-06-20 17:37:54,476 - training - DEBUG - 체크포인트 저장
2025-06-20 17:37:54,611 - training - INFO - 에피소드 20
2025-06-20 17:37:54,622 - training - DEBUG - 체크포인트 저장
2025-06-20 17:37:54,832 - training - INFO - 에피소드 30
2025-06-20 17:37:54,842 - training - DEBUG - 체크포인트 저장
2025-06-20 17:37:55,752 - training - INFO - 에피소드 40
2025-06-20 17:37:55,764 - training - DEBUG - 체크포인트 저장
2025-06-20 17:37:56,964 - training - INFO - 훈련 완료
2025-06-20 17:37:56,966 - training - INFO - 훈련 결과 저장
2025-06-20 17:37:56,969 - training - INFO - 종합 훈련 완료
2025-06-20 17:38:24,769 - training - INFO - 종합 훈련 매니저 초기화 완료
2025-06-20 17:38:24,770 - training - INFO - 종합 훈련 시작
2025-06-20 17:38:24,770 - training - INFO - 훈련 시작: ddpg on ContinuousCartPole
2025-06-20 17:38:24,771 - training - INFO - 환경별 훈련 시작
2025-06-20 17:38:24,771 - training - DEBUG - 환경 생성
2025-06-20 17:38:24,844 - training - DEBUG - 에이전트 생성
2025-06-20 17:38:39,672 - training - INFO - 훈련 시작
2025-06-20 17:38:40,296 - training - INFO - 에피소드 0
2025-06-20 17:38:40,297 - training - ERROR - 환경 ContinuousCartPole, 알고리즘 ddpg 훈련 실패: 0
2025-06-20 17:38:40,298 - training - ERROR - 훈련 실패
2025-06-20 17:38:40,301 - training - INFO - 종합 훈련 완료
2025-06-20 17:39:21,318 - training - INFO - 종합 훈련 매니저 초기화 완료
2025-06-20 17:39:21,319 - training - INFO - 종합 훈련 시작
2025-06-20 17:39:21,320 - training - INFO - 훈련 시작: ddpg on ContinuousCartPole
2025-06-20 17:39:21,321 - training - INFO - 환경별 훈련 시작
2025-06-20 17:39:21,321 - training - DEBUG - 환경 생성
2025-06-20 17:39:21,392 - training - DEBUG - 에이전트 생성
2025-06-20 17:39:36,093 - training - INFO - 훈련 시작
2025-06-20 17:39:36,776 - training - INFO - 에피소드 0
2025-06-20 17:39:36,779 - training - ERROR - 환경 ContinuousCartPole, 알고리즘 ddpg 훈련 실패: 0
2025-06-20 17:39:36,779 - training - ERROR - 훈련 실패
2025-06-20 17:39:36,782 - training - INFO - 종합 훈련 완료
2025-06-20 17:40:43,338 - training - INFO - 종합 훈련 매니저 초기화 완료
2025-06-20 17:40:43,339 - training - INFO - 종합 훈련 시작
2025-06-20 17:40:43,340 - training - INFO - 훈련 시작: ddpg on ContinuousCartPole
2025-06-20 17:40:43,340 - training - INFO - 환경별 훈련 시작
2025-06-20 17:40:43,341 - training - DEBUG - 환경 생성
2025-06-20 17:40:43,414 - training - DEBUG - 에이전트 생성
2025-06-20 17:40:59,077 - training - INFO - 훈련 시작
2025-06-20 17:40:59,740 - training - INFO - 에피소드 0
2025-06-20 17:40:59,775 - training - DEBUG - 체크포인트 저장
2025-06-20 17:41:04,326 - training - INFO - 에피소드 10
2025-06-20 17:41:04,351 - training - DEBUG - 체크포인트 저장
2025-06-20 17:41:06,695 - training - INFO - 에피소드 20
2025-06-20 17:41:06,708 - training - DEBUG - 체크포인트 저장
2025-06-20 17:41:11,514 - training - INFO - 에피소드 30
2025-06-20 17:41:11,530 - training - DEBUG - 체크포인트 저장
2025-06-20 17:41:16,109 - training - INFO - 에피소드 40
2025-06-20 17:41:16,125 - training - DEBUG - 체크포인트 저장
2025-06-20 17:41:20,267 - training - INFO - 훈련 완료
2025-06-20 17:41:20,270 - training - INFO - 훈련 결과 저장
2025-06-20 17:41:20,276 - training - INFO - 종합 훈련 완료
2025-06-20 17:41:49,397 - training - INFO - 종합 훈련 매니저 초기화 완료
2025-06-20 17:41:49,398 - training - INFO - 종합 훈련 시작
2025-06-20 17:41:49,398 - training - INFO - 훈련 시작: dqn on CartPole-v1
2025-06-20 17:41:49,399 - training - INFO - 환경별 훈련 시작
2025-06-20 17:41:49,400 - training - DEBUG - 환경 생성
2025-06-20 17:41:49,473 - training - DEBUG - 에이전트 생성
2025-06-20 17:42:02,334 - training - INFO - 훈련 시작
2025-06-20 17:42:02,335 - training - INFO - 에피소드 0
2025-06-20 17:42:02,371 - training - DEBUG - 체크포인트 저장
2025-06-20 17:42:02,741 - training - INFO - 에피소드 10
2025-06-20 17:42:02,751 - training - DEBUG - 체크포인트 저장
2025-06-20 17:42:02,861 - training - INFO - 에피소드 20
2025-06-20 17:42:02,874 - training - DEBUG - 체크포인트 저장
2025-06-20 17:42:02,977 - training - INFO - 에피소드 30
2025-06-20 17:42:02,990 - training - DEBUG - 체크포인트 저장
2025-06-20 17:42:03,074 - training - INFO - 에피소드 40
2025-06-20 17:42:03,088 - training - DEBUG - 체크포인트 저장
2025-06-20 17:42:03,358 - training - INFO - 에피소드 50
2025-06-20 17:42:03,371 - training - DEBUG - 체크포인트 저장
2025-06-20 17:42:04,666 - training - INFO - 에피소드 60
2025-06-20 17:42:04,678 - training - DEBUG - 체크포인트 저장
2025-06-20 17:42:06,214 - training - INFO - 에피소드 70
2025-06-20 17:42:06,228 - training - DEBUG - 체크포인트 저장
2025-06-20 17:42:07,595 - training - INFO - 에피소드 80
2025-06-20 17:42:07,608 - training - DEBUG - 체크포인트 저장
2025-06-20 17:42:09,024 - training - INFO - 에피소드 90
2025-06-20 17:42:09,037 - training - DEBUG - 체크포인트 저장
2025-06-20 17:42:10,239 - training - INFO - 훈련 완료
2025-06-20 17:42:10,242 - training - INFO - 훈련 결과 저장
2025-06-20 17:42:10,245 - training - INFO - 훈련 시작: ddpg on CartPole-v1
2025-06-20 17:42:10,245 - training - INFO - 환경별 훈련 시작
2025-06-20 17:42:10,246 - training - DEBUG - 환경 생성
2025-06-20 17:42:10,247 - training - DEBUG - 에이전트 생성
2025-06-20 17:42:10,256 - training - INFO - 훈련 시작
2025-06-20 17:42:10,697 - training - INFO - 에피소드 0
2025-06-20 17:42:10,713 - training - DEBUG - 체크포인트 저장
2025-06-20 17:42:15,915 - training - INFO - 에피소드 10
2025-06-20 17:42:15,931 - training - DEBUG - 체크포인트 저장
2025-06-20 17:42:20,533 - training - INFO - 에피소드 20
2025-06-20 17:42:20,551 - training - DEBUG - 체크포인트 저장
2025-06-20 17:42:25,318 - training - INFO - 에피소드 30
2025-06-20 17:42:25,334 - training - DEBUG - 체크포인트 저장
2025-06-20 17:42:27,825 - training - INFO - 에피소드 40
2025-06-20 17:42:27,840 - training - DEBUG - 체크포인트 저장
2025-06-20 17:42:32,584 - training - INFO - 에피소드 50
2025-06-20 17:42:32,599 - training - DEBUG - 체크포인트 저장
2025-06-20 17:42:37,793 - training - INFO - 에피소드 60
2025-06-20 17:42:37,812 - training - DEBUG - 체크포인트 저장
2025-06-20 17:42:43,134 - training - INFO - 에피소드 70
2025-06-20 17:42:43,150 - training - DEBUG - 체크포인트 저장
2025-06-20 17:42:47,923 - training - INFO - 에피소드 80
2025-06-20 17:42:47,940 - training - DEBUG - 체크포인트 저장
2025-06-20 17:42:52,683 - training - INFO - 에피소드 90
2025-06-20 17:42:52,700 - training - DEBUG - 체크포인트 저장
2025-06-20 17:42:54,446 - training - INFO - 훈련 완료
2025-06-20 17:42:54,449 - training - INFO - 훈련 결과 저장
2025-06-20 17:42:54,453 - training - INFO - 훈련 시작: dqn on ContinuousCartPole
2025-06-20 17:42:54,454 - training - INFO - 환경별 훈련 시작
2025-06-20 17:42:54,454 - training - DEBUG - 환경 생성
2025-06-20 17:42:54,455 - training - DEBUG - 에이전트 생성
2025-06-20 17:42:54,466 - training - INFO - 훈련 시작
2025-06-20 17:42:54,467 - training - INFO - 에피소드 0
2025-06-20 17:42:54,476 - training - DEBUG - 체크포인트 저장
2025-06-20 17:42:54,642 - training - INFO - 에피소드 10
2025-06-20 17:42:54,656 - training - DEBUG - 체크포인트 저장
2025-06-20 17:42:54,811 - training - INFO - 에피소드 20
2025-06-20 17:42:54,824 - training - DEBUG - 체크포인트 저장
2025-06-20 17:42:55,073 - training - INFO - 에피소드 30
2025-06-20 17:42:55,086 - training - DEBUG - 체크포인트 저장
2025-06-20 17:42:56,496 - training - INFO - 에피소드 40
2025-06-20 17:42:56,508 - training - DEBUG - 체크포인트 저장
2025-06-20 17:42:58,019 - training - INFO - 에피소드 50
2025-06-20 17:42:58,033 - training - DEBUG - 체크포인트 저장
2025-06-20 17:42:59,586 - training - INFO - 에피소드 60
2025-06-20 17:42:59,599 - training - DEBUG - 체크포인트 저장
2025-06-20 17:43:00,836 - training - INFO - 에피소드 70
2025-06-20 17:43:00,850 - training - DEBUG - 체크포인트 저장
2025-06-20 17:43:02,390 - training - INFO - 에피소드 80
2025-06-20 17:43:02,403 - training - DEBUG - 체크포인트 저장
2025-06-20 17:43:03,730 - training - INFO - 에피소드 90
2025-06-20 17:43:03,745 - training - DEBUG - 체크포인트 저장
2025-06-20 17:43:05,082 - training - INFO - 훈련 완료
2025-06-20 17:43:05,085 - training - INFO - 훈련 결과 저장
2025-06-20 17:43:05,088 - training - INFO - 훈련 시작: ddpg on ContinuousCartPole
2025-06-20 17:43:05,089 - training - INFO - 환경별 훈련 시작
2025-06-20 17:43:05,089 - training - DEBUG - 환경 생성
2025-06-20 17:43:05,090 - training - DEBUG - 에이전트 생성
2025-06-20 17:43:05,103 - training - INFO - 훈련 시작
2025-06-20 17:43:05,503 - training - INFO - 에피소드 0
2025-06-20 17:43:05,519 - training - DEBUG - 체크포인트 저장
2025-06-20 17:43:10,218 - training - INFO - 에피소드 10
2025-06-20 17:43:10,235 - training - DEBUG - 체크포인트 저장
2025-06-20 17:43:14,847 - training - INFO - 에피소드 20
2025-06-20 17:43:14,862 - training - DEBUG - 체크포인트 저장
2025-06-20 17:43:19,471 - training - INFO - 에피소드 30
2025-06-20 17:43:19,487 - training - DEBUG - 체크포인트 저장
2025-06-20 17:43:21,600 - training - INFO - 에피소드 40
2025-06-20 17:43:21,616 - training - DEBUG - 체크포인트 저장
2025-06-20 17:43:26,188 - training - INFO - 에피소드 50
2025-06-20 17:43:26,204 - training - DEBUG - 체크포인트 저장
2025-06-20 17:43:30,703 - training - INFO - 에피소드 60
2025-06-20 17:43:30,719 - training - DEBUG - 체크포인트 저장
2025-06-20 17:43:35,227 - training - INFO - 에피소드 70
2025-06-20 17:43:35,242 - training - DEBUG - 체크포인트 저장
2025-06-20 17:43:39,817 - training - INFO - 에피소드 80
2025-06-20 17:43:39,834 - training - DEBUG - 체크포인트 저장
2025-06-20 17:43:44,569 - training - INFO - 에피소드 90
2025-06-20 17:43:44,587 - training - DEBUG - 체크포인트 저장
2025-06-20 17:43:49,099 - training - INFO - 훈련 완료
2025-06-20 17:43:49,102 - training - INFO - 훈련 결과 저장
2025-06-20 17:43:49,109 - training - INFO - 종합 훈련 완료
{"timestamp": "2025-06-20T18:06:28.615522", "level": "INFO", "logger": "training", "message": "종합 훈련 매니저 초기화 완료", "module": "logging_system", "function": "info", "line": 160, "extra": {"session_id": "20250620_180628"}}
{"timestamp": "2025-06-20T18:06:28.616189", "level": "INFO", "logger": "training", "message": "종합 훈련 시작", "module": "logging_system", "function": "info", "line": 160, "extra": {"environments": ["CartPole-v1", "ContinuousCartPole"], "algorithms": ["dqn", "ddpg"], "max_episodes": 1000}}
{"timestamp": "2025-06-20T18:06:28.616735", "level": "INFO", "logger": "training", "message": "훈련 시작: dqn on CartPole-v1", "module": "logging_system", "function": "info", "line": 160, "extra": null}
{"timestamp": "2025-06-20T18:06:28.617259", "level": "INFO", "logger": "training", "message": "환경별 훈련 시작", "module": "logging_system", "function": "info", "line": 160, "extra": {"env_name": "CartPole-v1", "algorithm": "dqn", "max_episodes": 1000}}
{"timestamp": "2025-06-20T18:06:43.846229", "level": "INFO", "logger": "training", "message": "훈련 시작", "module": "logging_system", "function": "info", "line": 160, "extra": {"env_name": "CartPole-v1", "algorithm": "dqn", "max_episodes": 1000}}
{"timestamp": "2025-06-20T18:06:43.847279", "level": "INFO", "logger": "training", "message": "에피소드 0", "module": "logging_system", "function": "info", "line": 160, "extra": {"episode": 0, "reward": 21.0, "recent_avg_reward": 21.0, "duration": 0.00045561790466308594, "loss": 0.0}}
{"timestamp": "2025-06-20T18:06:44.244509", "level": "INFO", "logger": "training", "message": "에피소드 10", "module": "logging_system", "function": "info", "line": 160, "extra": {"episode": 10, "reward": 13.0, "recent_avg_reward": 16.4, "duration": 0.011507034301757812, "loss": 0.1392559457856875}}
{"timestamp": "2025-06-20T18:06:44.445464", "level": "INFO", "logger": "training", "message": "에피소드 20", "module": "logging_system", "function": "info", "line": 160, "extra": {"episode": 20, "reward": 24.0, "recent_avg_reward": 24.1, "duration": 0.020162105560302734, "loss": 0.18636157332609096}}
{"timestamp": "2025-06-20T18:06:44.711484", "level": "INFO", "logger": "training", "message": "에피소드 30", "module": "logging_system", "function": "info", "line": 160, "extra": {"episode": 30, "reward": 43.0, "recent_avg_reward": 26.5, "duration": 0.03868293762207031, "loss": 0.35080204262982967}}
{"timestamp": "2025-06-20T18:06:45.756945", "level": "INFO", "logger": "training", "message": "에피소드 40", "module": "logging_system", "function": "info", "line": 160, "extra": {"episode": 40, "reward": 103.0, "recent_avg_reward": 115.1, "duration": 0.08786249160766602, "loss": 0.7010947764281509}}
{"timestamp": "2025-06-20T18:06:45.870184", "level": "INFO", "logger": "training", "message": "에피소드 50", "module": "logging_system", "function": "info", "line": 160, "extra": {"episode": 50, "reward": 90.0, "recent_avg_reward": 112.8, "duration": -0.801680326461792, "loss": 1.3479360011716683}}
{"timestamp": "2025-06-20T18:06:45.323840", "level": "INFO", "logger": "training", "message": "에피소드 60", "module": "logging_system", "function": "info", "line": 160, "extra": {"episode": 60, "reward": 127.0, "recent_avg_reward": 112.8, "duration": 0.11111187934875488, "loss": 1.0959720327922209}}
{"timestamp": "2025-06-20T18:06:46.607536", "level": "INFO", "logger": "training", "message": "에피소드 70", "module": "logging_system", "function": "info", "line": 160, "extra": {"episode": 70, "reward": 202.0, "recent_avg_reward": 137.7, "duration": 0.17948317527770996, "loss": 1.110598438631485}}
{"timestamp": "2025-06-20T18:06:47.923903", "level": "INFO", "logger": "training", "message": "에피소드 80", "module": "logging_system", "function": "info", "line": 160, "extra": {"episode": 80, "reward": 147.0, "recent_avg_reward": 136.6, "duration": 0.14044761657714844, "loss": 0.871073780315263}}
{"timestamp": "2025-06-20T18:06:49.545247", "level": "INFO", "logger": "training", "message": "에피소드 90", "module": "logging_system", "function": "info", "line": 160, "extra": {"episode": 90, "reward": 146.0, "recent_avg_reward": 182.1, "duration": 0.14903688430786133, "loss": 1.1160046750909254}}
{"timestamp": "2025-06-20T18:06:53.210737", "level": "INFO", "logger": "training", "message": "에피소드 100", "module": "logging_system", "function": "info", "line": 160, "extra": {"episode": 100, "reward": 500.0, "recent_avg_reward": 401.5, "duration": 0.433927059173584, "loss": 4.480737117007375}}
{"timestamp": "2025-06-20T18:06:56.743455", "level": "INFO", "logger": "training", "message": "에피소드 110", "module": "logging_system", "function": "info", "line": 160, "extra": {"episode": 110, "reward": 160.0, "recent_avg_reward": 386.3, "duration": 0.1543259620666504, "loss": 12.034046366717666}}
{"timestamp": "2025-06-20T18:07:01.373023", "level": "INFO", "logger": "training", "message": "에피소드 120", "module": "logging_system", "function": "info", "line": 160, "extra": {"episode": 120, "reward": 500.0, "recent_avg_reward": 500.0, "duration": 0.44645190238952637, "loss": 21.586102268345655}}
{"timestamp": "2025-06-20T18:07:04.175752", "level": "INFO", "logger": "training", "message": "에피소드 130", "module": "logging_system", "function": "info", "line": 160, "extra": {"episode": 130, "reward": 426.0, "recent_avg_reward": 303.0, "duration": 0.40537166595458984, "loss": 20.56040855441155}}
{"timestamp": "2025-06-20T18:07:06.164851", "level": "INFO", "logger": "training", "message": "에피소드 140", "module": "logging_system", "function": "info", "line": 160, "extra": {"episode": 140, "reward": 144.0, "recent_avg_reward": 206.2, "duration": 0.13048601150512695, "loss": 16.552983560935697}}
{"timestamp": "2025-06-20T18:07:07.802574", "level": "INFO", "logger": "training", "message": "에피소드 150", "module": "logging_system", "function": "info", "line": 160, "extra": {"episode": 150, "reward": 132.0, "recent_avg_reward": 164.7, "duration": 0.12099957466125488, "loss": 24.234830850424867}}
{"timestamp": "2025-06-20T18:07:09.032580", "level": "INFO", "logger": "training", "message": "에피소드 160", "module": "logging_system", "function": "info", "line": 160, "extra": {"episode": 160, "reward": 111.0, "recent_avg_reward": 128.2, "duration": 0.10387063026428223, "loss": 20.126119464568728}}
{"timestamp": "2025-06-20T18:07:10.867363", "level": "INFO", "logger": "training", "message": "에피소드 170", "module": "logging_system", "function": "info", "line": 160, "extra": {"episode": 170, "reward": 181.0, "recent_avg_reward": 180.0, "duration": 0.18985939025878906, "loss": 27.80547674284291}}
{"timestamp": "2025-06-20T18:07:13.154961", "level": "INFO", "logger": "training", "message": "에피소드 180", "module": "logging_system", "function": "info", "line": 160, "extra": {"episode": 180, "reward": 157.0, "recent_avg_reward": 243.9, "duration": 0.16391992568969727, "loss": 24.198626705083498}}
{"timestamp": "2025-06-20T18:07:12.456511", "level": "INFO", "logger": "training", "message": "에피소드 190", "module": "logging_system", "function": "info", "line": 160, "extra": {"episode": 190, "reward": 140.0, "recent_avg_reward": 202.4, "duration": 0.13102245330810547, "loss": 16.886605208473547}}
{"timestamp": "2025-06-20T18:07:17.013281", "level": "INFO", "logger": "training", "message": "에피소드 200", "module": "logging_system", "function": "info", "line": 160, "extra": {"episode": 200, "reward": 500.0, "recent_avg_reward": 463.0, "duration": 0.49138379096984863, "loss": 14.92106820835173}}
{"timestamp": "2025-06-20T18:07:21.168210", "level": "INFO", "logger": "training", "message": "에피소드 210", "module": "logging_system", "function": "info", "line": 160, "extra": {"episode": 210, "reward": 500.0, "recent_avg_reward": 422.8, "duration": 0.5069465637207031, "loss": 12.60733155977726}}
{"timestamp": "2025-06-20T18:07:26.044154", "level": "INFO", "logger": "training", "message": "에피소드 220", "module": "logging_system", "function": "info", "line": 160, "extra": {"episode": 220, "reward": 500.0, "recent_avg_reward": 500.0, "duration": 0.49539613723754883, "loss": 19.45418825046718}}
{"timestamp": "2025-06-20T18:07:29.455477", "level": "INFO", "logger": "training", "message": "에피소드 230", "module": "logging_system", "function": "info", "line": 160, "extra": {"episode": 230, "reward": 500.0, "recent_avg_reward": 344.3, "duration": 0.4969749450683594, "loss": 20.47873280557245}}
{"timestamp": "2025-06-20T18:07:33.876266", "level": "INFO", "logger": "training", "message": "에피소드 240", "module": "logging_system", "function": "info", "line": 160, "extra": {"episode": 240, "reward": 500.0, "recent_avg_reward": 431.5, "duration": 0.5086383819580078, "loss": 19.72760493669659}}
{"timestamp": "2025-06-20T18:07:38.248455", "level": "INFO", "logger": "training", "message": "에피소드 250", "module": "logging_system", "function": "info", "line": 160, "extra": {"episode": 250, "reward": 500.0, "recent_avg_reward": 428.8, "duration": 0.5333786010742188, "loss": 19.72772555909306}}
{"timestamp": "2025-06-20T18:07:40.573050", "level": "INFO", "logger": "training", "message": "에피소드 260", "module": "logging_system", "function": "info", "line": 160, "extra": {"episode": 260, "reward": 280.0, "recent_avg_reward": 458.5, "duration": 0.32346200942993164, "loss": 24.01797696638054}}
{"timestamp": "2025-06-20T18:07:45.557374", "level": "INFO", "logger": "training", "message": "에피소드 270", "module": "logging_system", "function": "info", "line": 160, "extra": {"episode": 270, "reward": 500.0, "recent_avg_reward": 463.4, "duration": 0.5245425701141357, "loss": 29.31845277327299}}
{"timestamp": "2025-06-20T18:07:49.202661", "level": "INFO", "logger": "training", "message": "에피소드 280", "module": "logging_system", "function": "info", "line": 160, "extra": {"episode": 280, "reward": 500.0, "recent_avg_reward": 339.0, "duration": 0.5354177951812744, "loss": 26.016252465829254}}
{"timestamp": "2025-06-20T18:07:53.176203", "level": "INFO", "logger": "training", "message": "에피소드 290", "module": "logging_system", "function": "info", "line": 160, "extra": {"episode": 290, "reward": 500.0, "recent_avg_reward": 357.1, "duration": 0.5521867275238037, "loss": 28.951364996545017}}
{"timestamp": "2025-06-20T18:07:56.391641", "level": "INFO", "logger": "training", "message": "에피소드 300", "module": "logging_system", "function": "info", "line": 160, "extra": {"episode": 300, "reward": 500.0, "recent_avg_reward": 290.7, "duration": 0.5359454154968262, "loss": 21.332504266023637}}
{"timestamp": "2025-06-20T18:08:00.376261", "level": "INFO", "logger": "training", "message": "에피소드 310", "module": "logging_system", "function": "info", "line": 160, "extra": {"episode": 310, "reward": 500.0, "recent_avg_reward": 356.5, "duration": 0.5310018062591553, "loss": 23.543655836619436}}
{"timestamp": "2025-06-20T18:08:03.382179", "level": "INFO", "logger": "training", "message": "에피소드 320", "module": "logging_system", "function": "info", "line": 160, "extra": {"episode": 320, "reward": 431.0, "recent_avg_reward": 272.1, "duration": 0.47887730598449707, "loss": 23.682395717729825}}
{"timestamp": "2025-06-20T18:08:06.839365", "level": "INFO", "logger": "training", "message": "에피소드 330", "module": "logging_system", "function": "info", "line": 160, "extra": {"episode": 330, "reward": 112.0, "recent_avg_reward": 315.9, "duration": 0.13939762115478516, "loss": 20.115420702412457}}
{"timestamp": "2025-06-20T18:08:09.396434", "level": "INFO", "logger": "training", "message": "에피소드 340", "module": "logging_system", "function": "info", "line": 160, "extra": {"episode": 340, "reward": 342.0, "recent_avg_reward": 438.4, "duration": 0.3696732521057129, "loss": 22.985227126944046}}
{"timestamp": "2025-06-20T18:08:14.042264", "level": "INFO", "logger": "training", "message": "에피소드 350", "module": "logging_system", "function": "info", "line": 160, "extra": {"episode": 350, "reward": 500.0, "recent_avg_reward": 411.1, "duration": 0.5825743675231934, "loss": 21.65730305403471}}
{"timestamp": "2025-06-20T18:08:17.354503", "level": "INFO", "logger": "training", "message": "에피소드 360", "module": "logging_system", "function": "info", "line": 160, "extra": {"episode": 360, "reward": 500.0, "recent_avg_reward": 290.2, "duration": 0.5258443355560303, "loss": 23.67689798280597}}
{"timestamp": "2025-06-20T18:08:22.938998", "level": "INFO", "logger": "training", "message": "에피소드 370", "module": "logging_system", "function": "info", "line": 160, "extra": {"episode": 370, "reward": 500.0, "recent_avg_reward": 486.4, "duration": 0.5596630573272705, "loss": 30.41470074450597}}
{"timestamp": "2025-06-20T18:08:26.465405", "level": "INFO", "logger": "training", "message": "에피소드 380", "module": "logging_system", "function": "info", "line": 160, "extra": {"episode": 380, "reward": 120.0, "recent_avg_reward": 307.8, "duration": 0.12835073471069336, "loss": 35.16002346783255}}
{"timestamp": "2025-06-20T18:08:28.994166", "level": "INFO", "logger": "training", "message": "에피소드 390", "module": "logging_system", "function": "info", "line": 160, "extra": {"episode": 390, "reward": 112.0, "recent_avg_reward": 221.9, "duration": 0.12547683715820312, "loss": 25.609373320326476}}
{"timestamp": "2025-06-20T18:08:30.828066", "level": "INFO", "logger": "training", "message": "에피소드 400", "module": "logging_system", "function": "info", "line": 160, "extra": {"episode": 400, "reward": 272.0, "recent_avg_reward": 157.2, "duration": 0.3177621364593506, "loss": 25.41481556523564}}
{"timestamp": "2025-06-20T18:08:34.222549", "level": "INFO", "logger": "training", "message": "에피소드 410", "module": "logging_system", "function": "info", "line": 160, "extra": {"episode": 410, "reward": 154.0, "recent_avg_reward": 295.6, "duration": 0.1876676082611084, "loss": 39.69668204622803}}
{"timestamp": "2025-06-20T18:08:36.486781", "level": "INFO", "logger": "training", "message": "에피소드 420", "module": "logging_system", "function": "info", "line": 160, "extra": {"episode": 420, "reward": 500.0, "recent_avg_reward": 401.3, "duration": 0.5636451244354248, "loss": 25.397076449781657}}
{"timestamp": "2025-06-20T18:08:42.044031", "level": "INFO", "logger": "training", "message": "에피소드 430", "module": "logging_system", "function": "info", "line": 160, "extra": {"episode": 430, "reward": 500.0, "recent_avg_reward": 483.3, "duration": 0.5729193687438965, "loss": 23.23861426995322}}
{"timestamp": "2025-06-20T18:08:47.976098", "level": "INFO", "logger": "training", "message": "에피소드 440", "module": "logging_system", "function": "info", "line": 160, "extra": {"episode": 440, "reward": 500.0, "recent_avg_reward": 500.0, "duration": 0.586240291595459, "loss": 31.88224828937277}}
{"timestamp": "2025-06-20T18:08:50.588585", "level": "INFO", "logger": "training", "message": "에피소드 450", "module": "logging_system", "function": "info", "line": 160, "extra": {"episode": 450, "reward": 17.0, "recent_avg_reward": 217.5, "duration": 0.01685500144958496, "loss": 59.603871289859796}}
{"timestamp": "2025-06-20T18:08:53.212185", "level": "INFO", "logger": "training", "message": "에피소드 460", "module": "logging_system", "function": "info", "line": 160, "extra": {"episode": 460, "reward": 500.0, "recent_avg_reward": 230.6, "duration": 0.5143961906433105, "loss": 25.580305066138507}}
{"timestamp": "2025-06-20T18:08:57.481746", "level": "INFO", "logger": "training", "message": "에피소드 470", "module": "logging_system", "function": "info", "line": 160, "extra": {"episode": 470, "reward": 128.0, "recent_avg_reward": 374.1, "duration": 0.15292906761169434, "loss": 24.727317906697863}}
{"timestamp": "2025-06-20T18:09:02.242608", "level": "INFO", "logger": "training", "message": "에피소드 480", "module": "logging_system", "function": "info", "line": 160, "extra": {"episode": 480, "reward": 500.0, "recent_avg_reward": 416.8, "duration": 0.5404708385467529, "loss": 32.56986716978252}}
{"timestamp": "2025-06-20T18:09:02.520638", "level": "INFO", "logger": "training", "message": "에피소드 490", "module": "logging_system", "function": "info", "line": 160, "extra": {"episode": 490, "reward": 291.0, "recent_avg_reward": 239.3, "duration": 0.31970763206481934, "loss": 26.784138187996504}}
{"timestamp": "2025-06-20T18:09:06.133880", "level": "INFO", "logger": "training", "message": "에피소드 500", "module": "logging_system", "function": "info", "line": 160, "extra": {"episode": 500, "reward": 484.0, "recent_avg_reward": 310.5, "duration": 0.5664498805999756, "loss": 34.576756274889505}}
{"timestamp": "2025-06-20T18:09:08.621825", "level": "INFO", "logger": "training", "message": "에피소드 510", "module": "logging_system", "function": "info", "line": 160, "extra": {"episode": 510, "reward": 129.0, "recent_avg_reward": 216.8, "duration": 0.1288747787475586, "loss": 34.173322640460476}}
{"timestamp": "2025-06-20T18:09:12.498325", "level": "INFO", "logger": "training", "message": "에피소드 520", "module": "logging_system", "function": "info", "line": 160, "extra": {"episode": 520, "reward": 500.0, "recent_avg_reward": 333.1, "duration": 0.5426344871520996, "loss": 27.20855841878429}}
{"timestamp": "2025-06-20T18:09:16.598573", "level": "INFO", "logger": "training", "message": "에피소드 530", "module": "logging_system", "function": "info", "line": 160, "extra": {"episode": 530, "reward": 500.0, "recent_avg_reward": 352.5, "duration": 0.6162338256835938, "loss": 32.25211711010337}}
{"timestamp": "2025-06-20T18:09:21.549279", "level": "INFO", "logger": "training", "message": "에피소드 540", "module": "logging_system", "function": "info", "line": 160, "extra": {"episode": 540, "reward": 259.0, "recent_avg_reward": 414.7, "duration": 0.31789231300354004, "loss": 32.92854734319604}}
{"timestamp": "2025-06-20T18:09:26.173509", "level": "INFO", "logger": "training", "message": "에피소드 550", "module": "logging_system", "function": "info", "line": 160, "extra": {"episode": 550, "reward": 500.0, "recent_avg_reward": 409.7, "duration": 0.5465192794799805, "loss": 29.197228617746383}}
{"timestamp": "2025-06-20T18:09:30.783739", "level": "INFO", "logger": "training", "message": "에피소드 560", "module": "logging_system", "function": "info", "line": 160, "extra": {"episode": 560, "reward": 142.0, "recent_avg_reward": 402.7, "duration": 0.14258813858032227, "loss": 33.25205965012207}}
{"timestamp": "2025-06-20T18:09:31.051724", "level": "INFO", "logger": "training", "message": "에피소드 570", "module": "logging_system", "function": "info", "line": 160, "extra": {"episode": 570, "reward": 34.0, "recent_avg_reward": 238.1, "duration": 0.0394594669342041, "loss": 20.096330266719793}}
{"timestamp": "2025-06-20T18:09:34.054713", "level": "INFO", "logger": "training", "message": "에피소드 580", "module": "logging_system", "function": "info", "line": 160, "extra": {"episode": 580, "reward": 339.0, "recent_avg_reward": 256.9, "duration": 0.3632469177246094, "loss": 29.755642581725585}}
{"timestamp": "2025-06-20T18:09:38.311984", "level": "INFO", "logger": "training", "message": "에피소드 590", "module": "logging_system", "function": "info", "line": 160, "extra": {"episode": 590, "reward": 163.0, "recent_avg_reward": 366.2, "duration": 0.2069096565246582, "loss": 34.337906690143}}
{"timestamp": "2025-06-20T18:09:41.885476", "level": "INFO", "logger": "training", "message": "에피소드 600", "module": "logging_system", "function": "info", "line": 160, "extra": {"episode": 600, "reward": 346.0, "recent_avg_reward": 298.4, "duration": 0.4016096591949463, "loss": 23.442173075078948}}
{"timestamp": "2025-06-20T18:09:46.663667", "level": "INFO", "logger": "training", "message": "에피소드 610", "module": "logging_system", "function": "info", "line": 160, "extra": {"episode": 610, "reward": 500.0, "recent_avg_reward": 400.7, "duration": 0.6239888668060303, "loss": 30.245377706686035}}
{"timestamp": "2025-06-20T18:09:50.990120", "level": "INFO", "logger": "training", "message": "에피소드 620", "module": "logging_system", "function": "info", "line": 160, "extra": {"episode": 620, "reward": 500.0, "recent_avg_reward": 350.2, "duration": 0.5917916297912598, "loss": 31.09453289069049}}
{"timestamp": "2025-06-20T18:09:56.008060", "level": "INFO", "logger": "training", "message": "에피소드 630", "module": "logging_system", "function": "info", "line": 160, "extra": {"episode": 630, "reward": 354.0, "recent_avg_reward": 425.3, "duration": 0.401578426361084, "loss": 30.93216798687617}}
{"timestamp": "2025-06-20T18:09:58.857492", "level": "INFO", "logger": "training", "message": "에피소드 640", "module": "logging_system", "function": "info", "line": 160, "extra": {"episode": 640, "reward": 230.0, "recent_avg_reward": 237.9, "duration": 0.2658214569091797, "loss": 38.63735901938104}}
{"timestamp": "2025-06-20T18:09:58.283890", "level": "INFO", "logger": "training", "message": "에피소드 650", "module": "logging_system", "function": "info", "line": 160, "extra": {"episode": 650, "reward": 160.0, "recent_avg_reward": 164.4, "duration": 0.18510150909423828, "loss": 34.607965275007885}}
{"timestamp": "2025-06-20T18:10:01.855930", "level": "INFO", "logger": "training", "message": "에피소드 660", "module": "logging_system", "function": "info", "line": 160, "extra": {"episode": 660, "reward": 31.0, "recent_avg_reward": 304.4, "duration": 0.035730838775634766, "loss": 23.163597851631142}}
{"timestamp": "2025-06-20T18:10:03.569470", "level": "INFO", "logger": "training", "message": "에피소드 670", "module": "logging_system", "function": "info", "line": 160, "extra": {"episode": 670, "reward": 500.0, "recent_avg_reward": 145.5, "duration": 0.5568222999572754, "loss": 25.908828363684936}}
{"timestamp": "2025-06-20T18:10:06.715497", "level": "INFO", "logger": "training", "message": "에피소드 680", "module": "logging_system", "function": "info", "line": 160, "extra": {"episode": 680, "reward": 500.0, "recent_avg_reward": 274.5, "duration": 0.5482454299926758, "loss": 26.731458180189133}}
{"timestamp": "2025-06-20T18:10:09.781298", "level": "INFO", "logger": "training", "message": "에피소드 690", "module": "logging_system", "function": "info", "line": 160, "extra": {"episode": 690, "reward": 114.0, "recent_avg_reward": 259.2, "duration": 0.11338973045349121, "loss": 22.71294256964731}}
{"timestamp": "2025-06-20T18:10:11.311335", "level": "INFO", "logger": "training", "message": "에피소드 700", "module": "logging_system", "function": "info", "line": 160, "extra": {"episode": 700, "reward": 500.0, "recent_avg_reward": 124.5, "duration": 0.6252989768981934, "loss": 35.403723685180765}}
{"timestamp": "2025-06-20T18:10:16.102942", "level": "INFO", "logger": "training", "message": "에피소드 710", "module": "logging_system", "function": "info", "line": 160, "extra": {"episode": 710, "reward": 500.0, "recent_avg_reward": 408.4, "duration": 0.582470178604126, "loss": 35.5473557231687}}
{"timestamp": "2025-06-20T18:10:19.190779", "level": "INFO", "logger": "training", "message": "에피소드 720", "module": "logging_system", "function": "info", "line": 160, "extra": {"episode": 720, "reward": 257.0, "recent_avg_reward": 261.0, "duration": 0.3052241802215576, "loss": 33.79596305863229}}
{"timestamp": "2025-06-20T18:10:22.609032", "level": "INFO", "logger": "training", "message": "에피소드 730", "module": "logging_system", "function": "info", "line": 160, "extra": {"episode": 730, "reward": 124.0, "recent_avg_reward": 294.9, "duration": 0.13216900825500488, "loss": 22.858264376649693}}
{"timestamp": "2025-06-20T18:10:25.927542", "level": "INFO", "logger": "training", "message": "에피소드 740", "module": "logging_system", "function": "info", "line": 160, "extra": {"episode": 740, "reward": 500.0, "recent_avg_reward": 494.0, "duration": 0.6081933975219727, "loss": 26.286092969927935}}
{"timestamp": "2025-06-20T18:10:31.575911", "level": "INFO", "logger": "training", "message": "에피소드 750", "module": "logging_system", "function": "info", "line": 160, "extra": {"episode": 750, "reward": 500.0, "recent_avg_reward": 478.2, "duration": 0.5661742687225342, "loss": 33.624042531276125}}
{"timestamp": "2025-06-20T18:10:34.807145", "level": "INFO", "logger": "training", "message": "에피소드 760", "module": "logging_system", "function": "info", "line": 160, "extra": {"episode": 760, "reward": 228.0, "recent_avg_reward": 276.1, "duration": 0.2608001232147217, "loss": 37.53888267556434}}
{"timestamp": "2025-06-20T18:10:37.945007", "level": "INFO", "logger": "training", "message": "에피소드 770", "module": "logging_system", "function": "info", "line": 160, "extra": {"episode": 770, "reward": 260.0, "recent_avg_reward": 271.0, "duration": 0.2667415142059326, "loss": 27.20551221959221}}
{"timestamp": "2025-06-20T18:10:39.387416", "level": "INFO", "logger": "training", "message": "에피소드 780", "module": "logging_system", "function": "info", "line": 160, "extra": {"episode": 780, "reward": 114.0, "recent_avg_reward": 119.2, "duration": 0.14352154731750488, "loss": 29.301443550090323}}
{"timestamp": "2025-06-20T18:10:41.627378", "level": "INFO", "logger": "training", "message": "에피소드 790", "module": "logging_system", "function": "info", "line": 160, "extra": {"episode": 790, "reward": 22.0, "recent_avg_reward": 190.9, "duration": 0.03046870231628418, "loss": 18.080128750340506}}
{"timestamp": "2025-06-20T18:10:46.251246", "level": "INFO", "logger": "training", "message": "에피소드 800", "module": "logging_system", "function": "info", "line": 160, "extra": {"episode": 800, "reward": 500.0, "recent_avg_reward": 393.9, "duration": 0.6012701988220215, "loss": 35.34301713031158}}
{"timestamp": "2025-06-20T18:10:48.780481", "level": "INFO", "logger": "training", "message": "에피소드 810", "module": "logging_system", "function": "info", "line": 160, "extra": {"episode": 810, "reward": 28.0, "recent_avg_reward": 220.4, "duration": 0.029153823852539062, "loss": 43.87957558168897}}
{"timestamp": "2025-06-20T18:10:53.335508", "level": "INFO", "logger": "training", "message": "에피소드 820", "module": "logging_system", "function": "info", "line": 160, "extra": {"episode": 820, "reward": 216.0, "recent_avg_reward": 374.3, "duration": 0.23543906211853027, "loss": 33.49458825775784}}
{"timestamp": "2025-06-20T18:10:54.843397", "level": "INFO", "logger": "training", "message": "에피소드 830", "module": "logging_system", "function": "info", "line": 160, "extra": {"episode": 830, "reward": 500.0, "recent_avg_reward": 334.6, "duration": 0.6066381931304932, "loss": 31.53993282102421}}
{"timestamp": "2025-06-20T18:10:57.290748", "level": "INFO", "logger": "training", "message": "에피소드 840", "module": "logging_system", "function": "info", "line": 160, "extra": {"episode": 840, "reward": 288.0, "recent_avg_reward": 210.6, "duration": 0.2974433898925781, "loss": 42.58713038620772}}
{"timestamp": "2025-06-20T18:11:00.216842", "level": "INFO", "logger": "training", "message": "에피소드 850", "module": "logging_system", "function": "info", "line": 160, "extra": {"episode": 850, "reward": 500.0, "recent_avg_reward": 248.0, "duration": 0.5874528884887695, "loss": 34.11421466970816}}
{"timestamp": "2025-06-20T18:11:04.692202", "level": "INFO", "logger": "training", "message": "에피소드 860", "module": "logging_system", "function": "info", "line": 160, "extra": {"episode": 860, "reward": 174.0, "recent_avg_reward": 381.2, "duration": 0.20366978645324707, "loss": 31.334472215766535}}
{"timestamp": "2025-06-20T18:11:09.072951", "level": "INFO", "logger": "training", "message": "에피소드 870", "module": "logging_system", "function": "info", "line": 160, "extra": {"episode": 870, "reward": 88.0, "recent_avg_reward": 375.5, "duration": 0.10513734817504883, "loss": 32.862727663067}}
{"timestamp": "2025-06-20T18:11:12.661830", "level": "INFO", "logger": "training", "message": "에피소드 880", "module": "logging_system", "function": "info", "line": 160, "extra": {"episode": 880, "reward": 500.0, "recent_avg_reward": 298.6, "duration": 0.5772504806518555, "loss": 36.770758984031154}}
{"timestamp": "2025-06-20T18:11:16.080062", "level": "INFO", "logger": "training", "message": "에피소드 890", "module": "logging_system", "function": "info", "line": 160, "extra": {"episode": 890, "reward": 156.0, "recent_avg_reward": 285.7, "duration": 0.16271758079528809, "loss": 38.79047081057126}}
{"timestamp": "2025-06-20T18:11:18.678153", "level": "INFO", "logger": "training", "message": "에피소드 900", "module": "logging_system", "function": "info", "line": 160, "extra": {"episode": 900, "reward": 121.0, "recent_avg_reward": 215.0, "duration": 0.1380014419555664, "loss": 40.104443993049955}}
{"timestamp": "2025-06-20T18:11:19.712592", "level": "INFO", "logger": "training", "message": "에피소드 910", "module": "logging_system", "function": "info", "line": 160, "extra": {"episode": 910, "reward": 110.0, "recent_avg_reward": 293.4, "duration": 0.15442419052124023, "loss": 33.383277327499606}}
{"timestamp": "2025-06-20T18:11:24.274312", "level": "INFO", "logger": "training", "message": "에피소드 920", "module": "logging_system", "function": "info", "line": 160, "extra": {"episode": 920, "reward": 500.0, "recent_avg_reward": 391.9, "duration": 0.5867109298706055, "loss": 34.7893228186965}}
{"timestamp": "2025-06-20T18:11:26.611863", "level": "INFO", "logger": "training", "message": "에피소드 930", "module": "logging_system", "function": "info", "line": 160, "extra": {"episode": 930, "reward": 131.0, "recent_avg_reward": 192.1, "duration": 0.16487646102905273, "loss": 25.585783470478905}}
{"timestamp": "2025-06-20T18:11:29.386995", "level": "INFO", "logger": "training", "message": "에피소드 940", "module": "logging_system", "function": "info", "line": 160, "extra": {"episode": 940, "reward": 190.0, "recent_avg_reward": 240.7, "duration": 0.22089505195617676, "loss": 37.165017157871475}}
{"timestamp": "2025-06-20T18:11:33.325317", "level": "INFO", "logger": "training", "message": "에피소드 950", "module": "logging_system", "function": "info", "line": 160, "extra": {"episode": 950, "reward": 500.0, "recent_avg_reward": 321.8, "duration": 0.604367733001709, "loss": 34.64243249500729}}
{"timestamp": "2025-06-20T18:11:37.142352", "level": "INFO", "logger": "training", "message": "에피소드 960", "module": "logging_system", "function": "info", "line": 160, "extra": {"episode": 960, "reward": 500.0, "recent_avg_reward": 318.5, "duration": 0.6054995059967041, "loss": 36.452760784173385}}
{"timestamp": "2025-06-20T18:11:39.434418", "level": "INFO", "logger": "training", "message": "에피소드 970", "module": "logging_system", "function": "info", "line": 160, "extra": {"episode": 970, "reward": 97.0, "recent_avg_reward": 198.5, "duration": 0.10669660568237305, "loss": 30.8476865045035}}
{"timestamp": "2025-06-20T18:11:42.548442", "level": "INFO", "logger": "training", "message": "에피소드 980", "module": "logging_system", "function": "info", "line": 160, "extra": {"episode": 980, "reward": 500.0, "recent_avg_reward": 253.8, "duration": 0.6260919570922852, "loss": 37.27605200711079}}
{"timestamp": "2025-06-20T18:11:47.597081", "level": "INFO", "logger": "training", "message": "에피소드 990", "module": "logging_system", "function": "info", "line": 160, "extra": {"episode": 990, "reward": 500.0, "recent_avg_reward": 429.1, "duration": 0.5893747806549072, "loss": 41.17855721756816}}
{"timestamp": "2025-06-20T18:11:49.970578", "level": "INFO", "logger": "training", "message": "훈련 완료", "module": "logging_system", "function": "info", "line": 160, "extra": {"env_name": "CartPole-v1", "algorithm": "dqn", "total_episodes": 1000, "final_avg_reward": 305.35}}
{"timestamp": "2025-06-20T18:11:49.975605", "level": "INFO", "logger": "training", "message": "훈련 결과 저장", "module": "logging_system", "function": "info", "line": 160, "extra": {"results_file": "results/comprehensive_training/dqn_CartPole-v1_20250620_180628.json", "env_name": "CartPole-v1", "algorithm": "dqn"}}
{"timestamp": "2025-06-20T18:11:49.994367", "level": "INFO", "logger": "training", "message": "훈련 시작: ddpg on CartPole-v1", "module": "logging_system", "function": "info", "line": 160, "extra": null}
{"timestamp": "2025-06-20T18:11:49.995076", "level": "INFO", "logger": "training", "message": "환경별 훈련 시작", "module": "logging_system", "function": "info", "line": 160, "extra": {"env_name": "CartPole-v1", "algorithm": "ddpg", "max_episodes": 1000}}
{"timestamp": "2025-06-20T18:11:50.008527", "level": "INFO", "logger": "training", "message": "훈련 시작", "module": "logging_system", "function": "info", "line": 160, "extra": {"env_name": "CartPole-v1", "algorithm": "ddpg", "max_episodes": 1000}}
{"timestamp": "2025-06-20T18:11:50.377791", "level": "INFO", "logger": "training", "message": "에피소드 0", "module": "logging_system", "function": "info", "line": 160, "extra": {"episode": 0, "reward": -89.75695496057168, "recent_avg_reward": -89.75695496057168, "duration": 0.3687252998352051, "loss": 0.0}}
{"timestamp": "2025-06-20T18:11:55.478635", "level": "INFO", "logger": "training", "message": "에피소드 10", "module": "logging_system", "function": "info", "line": 160, "extra": {"episode": 10, "reward": -41.03367894099379, "recent_avg_reward": -106.97835030835873, "duration": 0.4773101806640625, "loss": 0.0}}
{"timestamp": "2025-06-20T18:12:00.516019", "level": "INFO", "logger": "training", "message": "에피소드 20", "module": "logging_system", "function": "info", "line": 160, "extra": {"episode": 20, "reward": -0.20045407324138353, "recent_avg_reward": -58.847350111476864, "duration": 0.520951509475708, "loss": 0.0}}
{"timestamp": "2025-06-20T18:12:05.502739", "level": "INFO", "logger": "training", "message": "에피소드 30", "module": "logging_system", "function": "info", "line": 160, "extra": {"episode": 30, "reward": -12.690952285767008, "recent_avg_reward": -21.953263985520273, "duration": 0.4728238582611084, "loss": 0.0}}
{"timestamp": "2025-06-20T18:12:10.690526", "level": "INFO", "logger": "training", "message": "에피소드 40", "module": "logging_system", "function": "info", "line": 160, "extra": {"episode": 40, "reward": -12.601422595552252, "recent_avg_reward": -11.292642219521461, "duration": 0.5517098903656006, "loss": 0.0}}
{"timestamp": "2025-06-20T18:12:15.756724", "level": "INFO", "logger": "training", "message": "에피소드 50", "module": "logging_system", "function": "info", "line": 160, "extra": {"episode": 50, "reward": -24.315473926942204, "recent_avg_reward": -13.62180570548863, "duration": 0.4756145477294922, "loss": 0.0}}
{"timestamp": "2025-06-20T18:12:18.375685", "level": "INFO", "logger": "training", "message": "에피소드 60", "module": "logging_system", "function": "info", "line": 160, "extra": {"episode": 60, "reward": -23.15445078473677, "recent_avg_reward": -15.479141598005288, "duration": 0.5201919078826904, "loss": 0.0}}
{"timestamp": "2025-06-20T18:12:23.487017", "level": "INFO", "logger": "training", "message": "에피소드 70", "module": "logging_system", "function": "info", "line": 160, "extra": {"episode": 70, "reward": -11.781764116617243, "recent_avg_reward": -14.91029081794348, "duration": 0.5049059391021729, "loss": 0.0}}
{"timestamp": "2025-06-20T18:12:28.508375", "level": "INFO", "logger": "training", "message": "에피소드 80", "module": "logging_system", "function": "info", "line": 160, "extra": {"episode": 80, "reward": -12.296335364135192, "recent_avg_reward": -16.338095123154098, "duration": 0.47820115089416504, "loss": 0.0}}
{"timestamp": "2025-06-20T18:12:33.574564", "level": "INFO", "logger": "training", "message": "에피소드 90", "module": "logging_system", "function": "info", "line": 160, "extra": {"episode": 90, "reward": -11.367559623948585, "recent_avg_reward": -13.34325072580433, "duration": 0.5037121772766113, "loss": 0.0}}
{"timestamp": "2025-06-20T18:12:38.576149", "level": "INFO", "logger": "training", "message": "에피소드 100", "module": "logging_system", "function": "info", "line": 160, "extra": {"episode": 100, "reward": -11.906330148846932, "recent_avg_reward": -17.677896236535787, "duration": 0.48517370223999023, "loss": 0.0}}
{"timestamp": "2025-06-20T18:12:43.588458", "level": "INFO", "logger": "training", "message": "에피소드 110", "module": "logging_system", "function": "info", "line": 160, "extra": {"episode": 110, "reward": -0.08341779436332218, "recent_avg_reward": -11.334676486409403, "duration": 0.49512767791748047, "loss": 0.0}}
{"timestamp": "2025-06-20T18:12:46.197887", "level": "INFO", "logger": "training", "message": "에피소드 120", "module": "logging_system", "function": "info", "line": 160, "extra": {"episode": 120, "reward": -23.613872839243786, "recent_avg_reward": -18.868707580683143, "duration": 0.527489185333252, "loss": 0.0}}
{"timestamp": "2025-06-20T18:12:51.141022", "level": "INFO", "logger": "training", "message": "에피소드 130", "module": "logging_system", "function": "info", "line": 160, "extra": {"episode": 130, "reward": -34.44540613655714, "recent_avg_reward": -20.565373317413826, "duration": 0.48595476150512695, "loss": 0.0}}
{"timestamp": "2025-06-20T18:12:56.423884", "level": "INFO", "logger": "training", "message": "에피소드 140", "module": "logging_system", "function": "info", "line": 160, "extra": {"episode": 140, "reward": -12.84316779566756, "recent_avg_reward": -17.943408214009605, "duration": 0.5212550163269043, "loss": 0.0}}
{"timestamp": "2025-06-20T18:13:01.614785", "level": "INFO", "logger": "training", "message": "에피소드 150", "module": "logging_system", "function": "info", "line": 160, "extra": {"episode": 150, "reward": -11.788683970748227, "recent_avg_reward": -17.61217145580551, "duration": 0.556567907333374, "loss": 0.0}}
{"timestamp": "2025-06-20T18:13:06.983928", "level": "INFO", "logger": "training", "message": "에피소드 160", "module": "logging_system", "function": "info", "line": 160, "extra": {"episode": 160, "reward": -0.21608183518735638, "recent_avg_reward": -12.308049031215472, "duration": 0.5985629558563232, "loss": 0.0}}
{"timestamp": "2025-06-20T18:13:09.508209", "level": "INFO", "logger": "training", "message": "에피소드 170", "module": "logging_system", "function": "info", "line": 160, "extra": {"episode": 170, "reward": -12.243077721262733, "recent_avg_reward": -17.13287969477681, "duration": -2.0256845951080322, "loss": 0.0}}
{"timestamp": "2025-06-20T18:13:14.665146", "level": "INFO", "logger": "training", "message": "에피소드 180", "module": "logging_system", "function": "info", "line": 160, "extra": {"episode": 180, "reward": -0.207226889593244, "recent_avg_reward": -13.736750588907944, "duration": 0.4734025001525879, "loss": 0.0}}
{"timestamp": "2025-06-20T18:13:19.941594", "level": "INFO", "logger": "training", "message": "에피소드 190", "module": "logging_system", "function": "info", "line": 160, "extra": {"episode": 190, "reward": -0.22301901294525478, "recent_avg_reward": -11.141071769665123, "duration": 0.5310091972351074, "loss": 0.0}}
{"timestamp": "2025-06-20T18:13:25.298277", "level": "INFO", "logger": "training", "message": "에피소드 200", "module": "logging_system", "function": "info", "line": 160, "extra": {"episode": 200, "reward": -12.82904499920157, "recent_avg_reward": -13.574989209644064, "duration": 0.49848294258117676, "loss": 0.0}}
{"timestamp": "2025-06-20T18:13:30.499595", "level": "INFO", "logger": "training", "message": "에피소드 210", "module": "logging_system", "function": "info", "line": 160, "extra": {"episode": 210, "reward": -0.31345175824507676, "recent_avg_reward": -14.523754983501002, "duration": 0.4785606861114502, "loss": 0.0}}
{"timestamp": "2025-06-20T18:13:35.662040", "level": "INFO", "logger": "training", "message": "에피소드 220", "module": "logging_system", "function": "info", "line": 160, "extra": {"episode": 220, "reward": -12.818252247659904, "recent_avg_reward": -16.237102585036887, "duration": 0.4812891483306885, "loss": 0.0}}
{"timestamp": "2025-06-20T18:13:38.407103", "level": "INFO", "logger": "training", "message": "에피소드 230", "module": "logging_system", "function": "info", "line": 160, "extra": {"episode": 230, "reward": -13.288903799579034, "recent_avg_reward": -15.769934526038593, "duration": 0.4996039867401123, "loss": 0.0}}
{"timestamp": "2025-06-20T18:13:43.729757", "level": "INFO", "logger": "training", "message": "에피소드 240", "module": "logging_system", "function": "info", "line": 160, "extra": {"episode": 240, "reward": -25.487576527613424, "recent_avg_reward": -21.659166985746644, "duration": 0.5171136856079102, "loss": 0.0}}
{"timestamp": "2025-06-20T18:13:48.864824", "level": "INFO", "logger": "training", "message": "에피소드 250", "module": "logging_system", "function": "info", "line": 160, "extra": {"episode": 250, "reward": -33.92753876048017, "recent_avg_reward": -13.405157375530337, "duration": 0.5225257873535156, "loss": 0.0}}
{"timestamp": "2025-06-20T18:13:54.084630", "level": "INFO", "logger": "training", "message": "에피소드 260", "module": "logging_system", "function": "info", "line": 160, "extra": {"episode": 260, "reward": -0.3697871988118268, "recent_avg_reward": -13.96208778565665, "duration": 0.5371134281158447, "loss": 0.0}}
{"timestamp": "2025-06-20T18:13:59.507541", "level": "INFO", "logger": "training", "message": "에피소드 270", "module": "logging_system", "function": "info", "line": 160, "extra": {"episode": 270, "reward": -12.374666917209128, "recent_avg_reward": -16.796493206495324, "duration": 0.5051884651184082, "loss": 0.0}}
{"timestamp": "2025-06-20T18:14:04.716746", "level": "INFO", "logger": "training", "message": "에피소드 280", "module": "logging_system", "function": "info", "line": 160, "extra": {"episode": 280, "reward": -12.823196550359018, "recent_avg_reward": -14.786464004537445, "duration": 0.5470952987670898, "loss": 0.0}}
{"timestamp": "2025-06-20T18:14:07.756463", "level": "INFO", "logger": "training", "message": "에피소드 290", "module": "logging_system", "function": "info", "line": 160, "extra": {"episode": 290, "reward": -13.005550505175737, "recent_avg_reward": -11.442135438292874, "duration": 0.6124382019042969, "loss": 0.0}}
{"timestamp": "2025-06-20T18:14:13.073277", "level": "INFO", "logger": "training", "message": "에피소드 300", "module": "logging_system", "function": "info", "line": 160, "extra": {"episode": 300, "reward": -24.928820954242738, "recent_avg_reward": -15.840034822047528, "duration": 0.5788583755493164, "loss": 0.0}}
{"timestamp": "2025-06-20T18:14:18.423889", "level": "INFO", "logger": "training", "message": "에피소드 310", "module": "logging_system", "function": "info", "line": 160, "extra": {"episode": 310, "reward": -0.2679680770097148, "recent_avg_reward": -14.259545711795136, "duration": 0.5351567268371582, "loss": 0.0}}
{"timestamp": "2025-06-20T18:14:23.740530", "level": "INFO", "logger": "training", "message": "에피소드 320", "module": "logging_system", "function": "info", "line": 160, "extra": {"episode": 320, "reward": -0.285316079450343, "recent_avg_reward": -18.440332658893915, "duration": 0.515000581741333, "loss": 0.0}}
{"timestamp": "2025-06-20T18:14:29.117295", "level": "INFO", "logger": "training", "message": "에피소드 330", "module": "logging_system", "function": "info", "line": 160, "extra": {"episode": 330, "reward": -0.30299555635537917, "recent_avg_reward": -15.21545504856599, "duration": 0.5384671688079834, "loss": 0.0}}
{"timestamp": "2025-06-20T18:14:32.077865", "level": "INFO", "logger": "training", "message": "에피소드 340", "module": "logging_system", "function": "info", "line": 160, "extra": {"episode": 340, "reward": -23.569626609107328, "recent_avg_reward": -16.72036424822556, "duration": -2.0030298233032227, "loss": 0.0}}
{"timestamp": "2025-06-20T18:14:37.550563", "level": "INFO", "logger": "training", "message": "에피소드 350", "module": "logging_system", "function": "info", "line": 160, "extra": {"episode": 350, "reward": -24.093044026184316, "recent_avg_reward": -18.01119850567874, "duration": 0.5274806022644043, "loss": 0.0}}
{"timestamp": "2025-06-20T18:14:42.972622", "level": "INFO", "logger": "training", "message": "에피소드 360", "module": "logging_system", "function": "info", "line": 160, "extra": {"episode": 360, "reward": -23.820634834068866, "recent_avg_reward": -16.930217552822814, "duration": 0.5620765686035156, "loss": 0.0}}
{"timestamp": "2025-06-20T18:14:48.423389", "level": "INFO", "logger": "training", "message": "에피소드 370", "module": "logging_system", "function": "info", "line": 160, "extra": {"episode": 370, "reward": -26.054192505170075, "recent_avg_reward": -17.313670902532337, "duration": 0.5406060218811035, "loss": 0.0}}
{"timestamp": "2025-06-20T18:14:53.825709", "level": "INFO", "logger": "training", "message": "에피소드 380", "module": "logging_system", "function": "info", "line": 160, "extra": {"episode": 380, "reward": -12.32679137452209, "recent_avg_reward": -15.148180936991187, "duration": 0.5227575302124023, "loss": 0.0}}
{"timestamp": "2025-06-20T18:14:59.384789", "level": "INFO", "logger": "training", "message": "에피소드 390", "module": "logging_system", "function": "info", "line": 160, "extra": {"episode": 390, "reward": -13.215879418241707, "recent_avg_reward": -16.273781080957665, "duration": 0.5763895511627197, "loss": 0.0}}
{"timestamp": "2025-06-20T18:15:02.370636", "level": "INFO", "logger": "training", "message": "에피소드 400", "module": "logging_system", "function": "info", "line": 160, "extra": {"episode": 400, "reward": -37.211007607301575, "recent_avg_reward": -20.810482111093705, "duration": 0.49833059310913086, "loss": 0.0}}
{"timestamp": "2025-06-20T18:15:07.854362", "level": "INFO", "logger": "training", "message": "에피소드 410", "module": "logging_system", "function": "info", "line": 160, "extra": {"episode": 410, "reward": -12.91746371010071, "recent_avg_reward": -14.216144561352133, "duration": 0.5464012622833252, "loss": 0.0}}
{"timestamp": "2025-06-20T18:15:13.408219", "level": "INFO", "logger": "training", "message": "에피소드 420", "module": "logging_system", "function": "info", "line": 160, "extra": {"episode": 420, "reward": -12.05951329358625, "recent_avg_reward": -13.50870718330117, "duration": 0.5572807788848877, "loss": 0.0}}
{"timestamp": "2025-06-20T18:15:19.011076", "level": "INFO", "logger": "training", "message": "에피소드 430", "module": "logging_system", "function": "info", "line": 160, "extra": {"episode": 430, "reward": -13.039554026216855, "recent_avg_reward": -16.169081575552717, "duration": 0.5539631843566895, "loss": 0.0}}
{"timestamp": "2025-06-20T18:15:24.530954", "level": "INFO", "logger": "training", "message": "에피소드 440", "module": "logging_system", "function": "info", "line": 160, "extra": {"episode": 440, "reward": -13.696459402118832, "recent_avg_reward": -18.289450649097446, "duration": 0.5699257850646973, "loss": 0.0}}
{"timestamp": "2025-06-20T18:15:27.644648", "level": "INFO", "logger": "training", "message": "에피소드 450", "module": "logging_system", "function": "info", "line": 160, "extra": {"episode": 450, "reward": -14.195026242598171, "recent_avg_reward": -18.641549213211317, "duration": 0.5392348766326904, "loss": 0.0}}
{"timestamp": "2025-06-20T18:15:33.235231", "level": "INFO", "logger": "training", "message": "에피소드 460", "module": "logging_system", "function": "info", "line": 160, "extra": {"episode": 460, "reward": -14.6076435543408, "recent_avg_reward": -26.45676656571399, "duration": 0.5614233016967773, "loss": 0.0}}
{"timestamp": "2025-06-20T18:15:38.878512", "level": "INFO", "logger": "training", "message": "에피소드 470", "module": "logging_system", "function": "info", "line": 160, "extra": {"episode": 470, "reward": -24.342595469439143, "recent_avg_reward": -20.110167623074123, "duration": 0.5807504653930664, "loss": 0.0}}
{"timestamp": "2025-06-20T18:15:44.569950", "level": "INFO", "logger": "training", "message": "에피소드 480", "module": "logging_system", "function": "info", "line": 160, "extra": {"episode": 480, "reward": -12.570653180627081, "recent_avg_reward": -19.1481957612086, "duration": 0.601020336151123, "loss": 0.0}}
{"timestamp": "2025-06-20T18:15:50.280304", "level": "INFO", "logger": "training", "message": "에피소드 490", "module": "logging_system", "function": "info", "line": 160, "extra": {"episode": 490, "reward": -30.246999271083542, "recent_avg_reward": -16.590004938418176, "duration": 0.5299623012542725, "loss": 0.0}}
{"timestamp": "2025-06-20T18:15:55.819727", "level": "INFO", "logger": "training", "message": "에피소드 500", "module": "logging_system", "function": "info", "line": 160, "extra": {"episode": 500, "reward": -23.458914447756722, "recent_avg_reward": -15.929965387079795, "duration": 0.5615229606628418, "loss": 0.0}}
{"timestamp": "2025-06-20T18:15:58.855811", "level": "INFO", "logger": "training", "message": "에피소드 510", "module": "logging_system", "function": "info", "line": 160, "extra": {"episode": 510, "reward": -25.529847525475684, "recent_avg_reward": -19.934557795548162, "duration": 0.5621237754821777, "loss": 0.0}}
{"timestamp": "2025-06-20T18:16:04.642265", "level": "INFO", "logger": "training", "message": "에피소드 520", "module": "logging_system", "function": "info", "line": 160, "extra": {"episode": 520, "reward": -23.29964150324751, "recent_avg_reward": -16.914733189209628, "duration": 0.5421395301818848, "loss": 0.0}}
{"timestamp": "2025-06-20T18:16:10.365432", "level": "INFO", "logger": "training", "message": "에피소드 530", "module": "logging_system", "function": "info", "line": 160, "extra": {"episode": 530, "reward": -11.902873561178438, "recent_avg_reward": -12.604673228972242, "duration": 0.5681078433990479, "loss": 0.0}}
{"timestamp": "2025-06-20T18:16:16.261323", "level": "INFO", "logger": "training", "message": "에피소드 540", "module": "logging_system", "function": "info", "line": 160, "extra": {"episode": 540, "reward": -31.906707143005384, "recent_avg_reward": -17.93318259635274, "duration": 0.6007921695709229, "loss": 0.0}}
{"timestamp": "2025-06-20T18:16:21.964117", "level": "INFO", "logger": "training", "message": "에피소드 550", "module": "logging_system", "function": "info", "line": 160, "extra": {"episode": 550, "reward": -12.894382332492956, "recent_avg_reward": -13.604439016381516, "duration": 0.5268073081970215, "loss": 0.0}}
{"timestamp": "2025-06-20T18:16:25.184327", "level": "INFO", "logger": "training", "message": "에피소드 560", "module": "logging_system", "function": "info", "line": 160, "extra": {"episode": 560, "reward": -13.9656072619494, "recent_avg_reward": -12.90356464864, "duration": 0.5332090854644775, "loss": 0.0}}
{"timestamp": "2025-06-20T18:16:30.963078", "level": "INFO", "logger": "training", "message": "에피소드 570", "module": "logging_system", "function": "info", "line": 160, "extra": {"episode": 570, "reward": -13.201442732931605, "recent_avg_reward": -20.42431912648918, "duration": 0.5936589241027832, "loss": 0.0}}
{"timestamp": "2025-06-20T18:16:36.757300", "level": "INFO", "logger": "training", "message": "에피소드 580", "module": "logging_system", "function": "info", "line": 160, "extra": {"episode": 580, "reward": -23.474316727093658, "recent_avg_reward": -14.90261925343666, "duration": 0.6020681858062744, "loss": 0.0}}
{"timestamp": "2025-06-20T18:16:42.592828", "level": "INFO", "logger": "training", "message": "에피소드 590", "module": "logging_system", "function": "info", "line": 160, "extra": {"episode": 590, "reward": -13.219260553839787, "recent_avg_reward": -19.14431581277968, "duration": 0.5917534828186035, "loss": 0.0}}
{"timestamp": "2025-06-20T18:16:48.334389", "level": "INFO", "logger": "training", "message": "에피소드 600", "module": "logging_system", "function": "info", "line": 160, "extra": {"episode": 600, "reward": -12.58825922588697, "recent_avg_reward": -18.539105479324608, "duration": 0.5444121360778809, "loss": 0.0}}
{"timestamp": "2025-06-20T18:16:51.620732", "level": "INFO", "logger": "training", "message": "에피소드 610", "module": "logging_system", "function": "info", "line": 160, "extra": {"episode": 610, "reward": -12.795329429281207, "recent_avg_reward": -17.208667853466384, "duration": 0.573390007019043, "loss": 0.0}}
{"timestamp": "2025-06-20T18:16:57.386540", "level": "INFO", "logger": "training", "message": "에피소드 620", "module": "logging_system", "function": "info", "line": 160, "extra": {"episode": 620, "reward": -40.58871663569474, "recent_avg_reward": -16.322930782605834, "duration": 0.5444488525390625, "loss": 0.0}}
{"timestamp": "2025-06-20T18:17:03.139345", "level": "INFO", "logger": "training", "message": "에피소드 630", "module": "logging_system", "function": "info", "line": 160, "extra": {"episode": 630, "reward": -12.946921757574765, "recent_avg_reward": -13.498599704474492, "duration": 0.5438368320465088, "loss": 0.0}}
{"timestamp": "2025-06-20T18:17:09.107921", "level": "INFO", "logger": "training", "message": "에피소드 640", "module": "logging_system", "function": "info", "line": 160, "extra": {"episode": 640, "reward": -0.4039527098937093, "recent_avg_reward": -15.781164019805109, "duration": 0.5526032447814941, "loss": 0.0}}
{"timestamp": "2025-06-20T18:17:14.947891", "level": "INFO", "logger": "training", "message": "에피소드 650", "module": "logging_system", "function": "info", "line": 160, "extra": {"episode": 650, "reward": -12.02025815324433, "recent_avg_reward": -13.739552176064379, "duration": 0.629586935043335, "loss": 0.0}}
{"timestamp": "2025-06-20T18:17:18.124210", "level": "INFO", "logger": "training", "message": "에피소드 660", "module": "logging_system", "function": "info", "line": 160, "extra": {"episode": 660, "reward": -12.397875751431384, "recent_avg_reward": -17.036241049540745, "duration": 0.5567564964294434, "loss": 0.0}}
{"timestamp": "2025-06-20T18:17:23.807117", "level": "INFO", "logger": "training", "message": "에피소드 670", "module": "logging_system", "function": "info", "line": 160, "extra": {"episode": 670, "reward": -12.633235663619839, "recent_avg_reward": -10.986134586366635, "duration": 0.5641350746154785, "loss": 0.0}}
{"timestamp": "2025-06-20T18:17:29.399135", "level": "INFO", "logger": "training", "message": "에피소드 680", "module": "logging_system", "function": "info", "line": 160, "extra": {"episode": 680, "reward": -22.62508415170029, "recent_avg_reward": -16.442965041527092, "duration": 0.5515635013580322, "loss": 0.0}}
{"timestamp": "2025-06-20T18:17:35.003841", "level": "INFO", "logger": "training", "message": "에피소드 690", "module": "logging_system", "function": "info", "line": 160, "extra": {"episode": 690, "reward": -22.88470381282157, "recent_avg_reward": -18.996175274309632, "duration": 0.5392255783081055, "loss": 0.0}}
{"timestamp": "2025-06-20T18:17:40.788071", "level": "INFO", "logger": "training", "message": "에피소드 700", "module": "logging_system", "function": "info", "line": 160, "extra": {"episode": 700, "reward": -24.22592039862068, "recent_avg_reward": -19.367379756176373, "duration": 0.5894510746002197, "loss": 0.0}}
{"timestamp": "2025-06-20T18:17:46.412146", "level": "INFO", "logger": "training", "message": "에피소드 710", "module": "logging_system", "function": "info", "line": 160, "extra": {"episode": 710, "reward": -12.435591505663501, "recent_avg_reward": -16.84059848764356, "duration": 0.56260085105896, "loss": 0.0}}
{"timestamp": "2025-06-20T18:17:49.616589", "level": "INFO", "logger": "training", "message": "에피소드 720", "module": "logging_system", "function": "info", "line": 160, "extra": {"episode": 720, "reward": -23.705139243304984, "recent_avg_reward": -19.503009230225906, "duration": 0.5497260093688965, "loss": 0.0}}
{"timestamp": "2025-06-20T18:17:55.245341", "level": "INFO", "logger": "training", "message": "에피소드 730", "module": "logging_system", "function": "info", "line": 160, "extra": {"episode": 730, "reward": -12.228167829988555, "recent_avg_reward": -18.499940707438636, "duration": 0.5468227863311768, "loss": 0.0}}
{"timestamp": "2025-06-20T18:18:00.982691", "level": "INFO", "logger": "training", "message": "에피소드 740", "module": "logging_system", "function": "info", "line": 160, "extra": {"episode": 740, "reward": -12.394204096445309, "recent_avg_reward": -16.6234567833119, "duration": 0.5830235481262207, "loss": 0.0}}
{"timestamp": "2025-06-20T18:18:06.704164", "level": "INFO", "logger": "training", "message": "에피소드 750", "module": "logging_system", "function": "info", "line": 160, "extra": {"episode": 750, "reward": -24.40065959960233, "recent_avg_reward": -18.41797143476419, "duration": 0.5525383949279785, "loss": 0.0}}
{"timestamp": "2025-06-20T18:18:12.701047", "level": "INFO", "logger": "training", "message": "에피소드 760", "module": "logging_system", "function": "info", "line": 160, "extra": {"episode": 760, "reward": -12.603695406037753, "recent_avg_reward": -15.769721376514187, "duration": 0.5686488151550293, "loss": 0.0}}
{"timestamp": "2025-06-20T18:18:15.786432", "level": "INFO", "logger": "training", "message": "에피소드 770", "module": "logging_system", "function": "info", "line": 160, "extra": {"episode": 770, "reward": -12.117788559041987, "recent_avg_reward": -12.938892733997005, "duration": 0.5452988147735596, "loss": 0.0}}
{"timestamp": "2025-06-20T18:18:21.376501", "level": "INFO", "logger": "training", "message": "에피소드 780", "module": "logging_system", "function": "info", "line": 160, "extra": {"episode": 780, "reward": -12.495471017814573, "recent_avg_reward": -18.063106651841604, "duration": 0.5687663555145264, "loss": 0.0}}
{"timestamp": "2025-06-20T18:18:27.123651", "level": "INFO", "logger": "training", "message": "에피소드 790", "module": "logging_system", "function": "info", "line": 160, "extra": {"episode": 790, "reward": -12.456837929894887, "recent_avg_reward": -13.45485652853911, "duration": 0.5903921127319336, "loss": 0.0}}
{"timestamp": "2025-06-20T18:18:32.856659", "level": "INFO", "logger": "training", "message": "에피소드 800", "module": "logging_system", "function": "info", "line": 160, "extra": {"episode": 800, "reward": -12.370789288424376, "recent_avg_reward": -12.42555866485431, "duration": 0.571873664855957, "loss": 0.0}}
{"timestamp": "2025-06-20T18:18:38.707781", "level": "INFO", "logger": "training", "message": "에피소드 810", "module": "logging_system", "function": "info", "line": 160, "extra": {"episode": 810, "reward": -12.090648911242111, "recent_avg_reward": -12.314528245967882, "duration": 0.5875906944274902, "loss": 0.0}}
{"timestamp": "2025-06-20T18:18:41.881341", "level": "INFO", "logger": "training", "message": "에피소드 820", "module": "logging_system", "function": "info", "line": 160, "extra": {"episode": 820, "reward": -12.442164097554274, "recent_avg_reward": -16.707623756953502, "duration": 0.5659070014953613, "loss": 0.0}}
{"timestamp": "2025-06-20T18:18:47.480594", "level": "INFO", "logger": "training", "message": "에피소드 830", "module": "logging_system", "function": "info", "line": 160, "extra": {"episode": 830, "reward": -12.534745036263265, "recent_avg_reward": -20.622917496350304, "duration": 0.5579683780670166, "loss": 0.0}}
{"timestamp": "2025-06-20T18:18:53.210377", "level": "INFO", "logger": "training", "message": "에피소드 840", "module": "logging_system", "function": "info", "line": 160, "extra": {"episode": 840, "reward": -24.426687723320864, "recent_avg_reward": -17.4647452309461, "duration": 0.5838091373443604, "loss": 0.0}}
{"timestamp": "2025-06-20T18:18:58.910269", "level": "INFO", "logger": "training", "message": "에피소드 850", "module": "logging_system", "function": "info", "line": 160, "extra": {"episode": 850, "reward": -12.019895612589492, "recent_avg_reward": -11.716656491568795, "duration": 0.576256513595581, "loss": 0.0}}
{"timestamp": "2025-06-20T18:19:04.760221", "level": "INFO", "logger": "training", "message": "에피소드 860", "module": "logging_system", "function": "info", "line": 160, "extra": {"episode": 860, "reward": -12.426540108125922, "recent_avg_reward": -14.555414512047742, "duration": 0.5768513679504395, "loss": 0.0}}
{"timestamp": "2025-06-20T18:19:08.195424", "level": "INFO", "logger": "training", "message": "에피소드 870", "module": "logging_system", "function": "info", "line": 160, "extra": {"episode": 870, "reward": -12.242183650784108, "recent_avg_reward": -16.977195552579992, "duration": 0.6191129684448242, "loss": 0.0}}
{"timestamp": "2025-06-20T18:19:14.058887", "level": "INFO", "logger": "training", "message": "에피소드 880", "module": "logging_system", "function": "info", "line": 160, "extra": {"episode": 880, "reward": -0.09981916252440091, "recent_avg_reward": -10.017413909605514, "duration": 0.549069881439209, "loss": 0.0}}
{"timestamp": "2025-06-20T18:19:19.729643", "level": "INFO", "logger": "training", "message": "에피소드 890", "module": "logging_system", "function": "info", "line": 160, "extra": {"episode": 890, "reward": -24.556231461762454, "recent_avg_reward": -10.676804739304371, "duration": 0.5437500476837158, "loss": 0.0}}
{"timestamp": "2025-06-20T18:19:25.457756", "level": "INFO", "logger": "training", "message": "에피소드 900", "module": "logging_system", "function": "info", "line": 160, "extra": {"episode": 900, "reward": -11.86905139128959, "recent_avg_reward": -16.540384412022338, "duration": 0.5340447425842285, "loss": 0.0}}
{"timestamp": "2025-06-20T18:19:31.161160", "level": "INFO", "logger": "training", "message": "에피소드 910", "module": "logging_system", "function": "info", "line": 160, "extra": {"episode": 910, "reward": -30.87858871212794, "recent_avg_reward": -10.38022168695842, "duration": 0.580610990524292, "loss": 0.0}}
{"timestamp": "2025-06-20T18:19:36.003008", "level": "INFO", "logger": "training", "message": "에피소드 920", "module": "logging_system", "function": "info", "line": 160, "extra": {"episode": 920, "reward": -0.2280884519182222, "recent_avg_reward": -14.262402910307847, "duration": -0.3626880645751953, "loss": 0.0}}
{"timestamp": "2025-06-20T18:19:40.123313", "level": "INFO", "logger": "training", "message": "에피소드 930", "module": "logging_system", "function": "info", "line": 160, "extra": {"episode": 930, "reward": -12.478527586214204, "recent_avg_reward": -17.761281038216303, "duration": 0.5418508052825928, "loss": 0.0}}
{"timestamp": "2025-06-20T18:19:45.830164", "level": "INFO", "logger": "training", "message": "에피소드 940", "module": "logging_system", "function": "info", "line": 160, "extra": {"episode": 940, "reward": -24.42078734901609, "recent_avg_reward": -15.604962769406914, "duration": 0.5732369422912598, "loss": 0.0}}
{"timestamp": "2025-06-20T18:19:51.717255", "level": "INFO", "logger": "training", "message": "에피소드 950", "module": "logging_system", "function": "info", "line": 160, "extra": {"episode": 950, "reward": -12.266835643457695, "recent_avg_reward": -15.711588585640275, "duration": 0.578240156173706, "loss": 0.0}}
{"timestamp": "2025-06-20T18:19:57.699574", "level": "INFO", "logger": "training", "message": "에피소드 960", "module": "logging_system", "function": "info", "line": 160, "extra": {"episode": 960, "reward": -11.93714435611504, "recent_avg_reward": -15.340916345401038, "duration": 0.6430783271789551, "loss": 0.0}}
{"timestamp": "2025-06-20T18:20:03.380945", "level": "INFO", "logger": "training", "message": "에피소드 970", "module": "logging_system", "function": "info", "line": 160, "extra": {"episode": 970, "reward": -11.894896609548312, "recent_avg_reward": -10.781535096689565, "duration": 0.5692191123962402, "loss": 0.0}}
{"timestamp": "2025-06-20T18:20:06.655583", "level": "INFO", "logger": "training", "message": "에피소드 980", "module": "logging_system", "function": "info", "line": 160, "extra": {"episode": 980, "reward": -23.76639883305319, "recent_avg_reward": -19.761332745605774, "duration": 0.6096103191375732, "loss": 0.0}}
{"timestamp": "2025-06-20T18:20:12.555051", "level": "INFO", "logger": "training", "message": "에피소드 990", "module": "logging_system", "function": "info", "line": 160, "extra": {"episode": 990, "reward": -22.790503964055222, "recent_avg_reward": -10.823339639782814, "duration": 0.6086201667785645, "loss": 0.0}}
{"timestamp": "2025-06-20T18:20:17.925660", "level": "INFO", "logger": "training", "message": "훈련 완료", "module": "logging_system", "function": "info", "line": 160, "extra": {"env_name": "CartPole-v1", "algorithm": "ddpg", "total_episodes": 1000, "final_avg_reward": -14.13760831967915}}
{"timestamp": "2025-06-20T18:20:17.930357", "level": "INFO", "logger": "training", "message": "훈련 결과 저장", "module": "logging_system", "function": "info", "line": 160, "extra": {"results_file": "results/comprehensive_training/ddpg_CartPole-v1_20250620_180628.json", "env_name": "CartPole-v1", "algorithm": "ddpg"}}
{"timestamp": "2025-06-20T18:20:17.960669", "level": "INFO", "logger": "training", "message": "훈련 시작: dqn on ContinuousCartPole", "module": "logging_system", "function": "info", "line": 160, "extra": null}
{"timestamp": "2025-06-20T18:20:17.961292", "level": "INFO", "logger": "training", "message": "환경별 훈련 시작", "module": "logging_system", "function": "info", "line": 160, "extra": {"env_name": "ContinuousCartPole", "algorithm": "dqn", "max_episodes": 1000}}
{"timestamp": "2025-06-20T18:20:17.973056", "level": "INFO", "logger": "training", "message": "훈련 시작", "module": "logging_system", "function": "info", "line": 160, "extra": {"env_name": "ContinuousCartPole", "algorithm": "dqn", "max_episodes": 1000}}
{"timestamp": "2025-06-20T18:20:17.973808", "level": "INFO", "logger": "training", "message": "에피소드 0", "module": "logging_system", "function": "info", "line": 160, "extra": {"episode": 0, "reward": 15.0, "recent_avg_reward": 15.0, "duration": 0.0002880096435546875, "loss": 0.0}}
{"timestamp": "2025-06-20T18:20:18.147893", "level": "INFO", "logger": "training", "message": "에피소드 10", "module": "logging_system", "function": "info", "line": 160, "extra": {"episode": 10, "reward": 21.0, "recent_avg_reward": 22.1, "duration": 0.021872520446777344, "loss": 0.0475804488218966}}
{"timestamp": "2025-06-20T18:20:18.286120", "level": "INFO", "logger": "training", "message": "에피소드 20", "module": "logging_system", "function": "info", "line": 160, "extra": {"episode": 20, "reward": 31.0, "recent_avg_reward": 15.6, "duration": 0.021163463592529297, "loss": 0.43117654732158106}}
{"timestamp": "2025-06-20T18:20:18.391220", "level": "INFO", "logger": "training", "message": "에피소드 30", "module": "logging_system", "function": "info", "line": 160, "extra": {"episode": 30, "reward": 10.0, "recent_avg_reward": 12.5, "duration": 0.010765552520751953, "loss": 0.16838716566562653}}
{"timestamp": "2025-06-20T18:20:18.546723", "level": "INFO", "logger": "training", "message": "에피소드 40", "module": "logging_system", "function": "info", "line": 160, "extra": {"episode": 40, "reward": 38.0, "recent_avg_reward": 16.4, "duration": 0.02785038948059082, "loss": 0.21297311758328424}}
{"timestamp": "2025-06-20T18:20:19.972347", "level": "INFO", "logger": "training", "message": "에피소드 50", "module": "logging_system", "function": "info", "line": 160, "extra": {"episode": 50, "reward": 189.0, "recent_avg_reward": 155.0, "duration": 0.15796995162963867, "loss": 0.9598122202845477}}
{"timestamp": "2025-06-20T18:20:21.833992", "level": "INFO", "logger": "training", "message": "에피소드 60", "module": "logging_system", "function": "info", "line": 160, "extra": {"episode": 60, "reward": 199.0, "recent_avg_reward": 209.8, "duration": 0.16423273086547852, "loss": 1.6128950694847346}}
{"timestamp": "2025-06-20T18:20:23.692816", "level": "INFO", "logger": "training", "message": "에피소드 70", "module": "logging_system", "function": "info", "line": 160, "extra": {"episode": 70, "reward": 173.0, "recent_avg_reward": 208.9, "duration": 0.14954328536987305, "loss": 1.996268792562402}}
{"timestamp": "2025-06-20T18:20:25.411187", "level": "INFO", "logger": "training", "message": "에피소드 80", "module": "logging_system", "function": "info", "line": 160, "extra": {"episode": 80, "reward": 167.0, "recent_avg_reward": 181.3, "duration": 0.1580798625946045, "loss": 1.631559521116004}}
{"timestamp": "2025-06-20T18:20:27.617664", "level": "INFO", "logger": "training", "message": "에피소드 90", "module": "logging_system", "function": "info", "line": 160, "extra": {"episode": 90, "reward": 267.0, "recent_avg_reward": 226.2, "duration": 0.28157925605773926, "loss": 1.500662050652928}}
{"timestamp": "2025-06-20T18:20:29.563088", "level": "INFO", "logger": "training", "message": "에피소드 100", "module": "logging_system", "function": "info", "line": 160, "extra": {"episode": 100, "reward": 258.0, "recent_avg_reward": 207.1, "duration": 0.2259209156036377, "loss": 1.1049407827415207}}
{"timestamp": "2025-06-20T18:20:31.463403", "level": "INFO", "logger": "training", "message": "에피소드 110", "module": "logging_system", "function": "info", "line": 160, "extra": {"episode": 110, "reward": 424.0, "recent_avg_reward": 210.1, "duration": 0.38575124740600586, "loss": 1.3745692187024035}}
{"timestamp": "2025-06-20T18:20:31.501070", "level": "INFO", "logger": "training", "message": "에피소드 120", "module": "logging_system", "function": "info", "line": 160, "extra": {"episode": 120, "reward": 500.0, "recent_avg_reward": 267.1, "duration": 0.45975613594055176, "loss": 1.7323191400840878}}
{"timestamp": "2025-06-20T18:20:35.751134", "level": "INFO", "logger": "training", "message": "에피소드 130", "module": "logging_system", "function": "info", "line": 160, "extra": {"episode": 130, "reward": 500.0, "recent_avg_reward": 457.3, "duration": 0.48418688774108887, "loss": 5.0838620457202195}}
{"timestamp": "2025-06-20T18:20:40.253906", "level": "INFO", "logger": "training", "message": "에피소드 140", "module": "logging_system", "function": "info", "line": 160, "extra": {"episode": 140, "reward": 500.0, "recent_avg_reward": 481.7, "duration": 0.4781761169433594, "loss": 6.464598644457758}}
{"timestamp": "2025-06-20T18:20:44.800394", "level": "INFO", "logger": "training", "message": "에피소드 150", "module": "logging_system", "function": "info", "line": 160, "extra": {"episode": 150, "reward": 468.0, "recent_avg_reward": 493.9, "duration": 0.4192771911621094, "loss": 11.533400177772547}}
{"timestamp": "2025-06-20T18:20:49.312091", "level": "INFO", "logger": "training", "message": "에피소드 160", "module": "logging_system", "function": "info", "line": 160, "extra": {"episode": 160, "reward": 500.0, "recent_avg_reward": 475.9, "duration": 0.46558547019958496, "loss": 12.178202234625816}}
{"timestamp": "2025-06-20T18:20:53.970818", "level": "INFO", "logger": "training", "message": "에피소드 170", "module": "logging_system", "function": "info", "line": 160, "extra": {"episode": 170, "reward": 500.0, "recent_avg_reward": 500.0, "duration": 0.4842557907104492, "loss": 14.852513244591654}}
{"timestamp": "2025-06-20T18:20:58.399405", "level": "INFO", "logger": "training", "message": "에피소드 180", "module": "logging_system", "function": "info", "line": 160, "extra": {"episode": 180, "reward": 500.0, "recent_avg_reward": 458.9, "duration": 0.5011696815490723, "loss": 13.886856212683021}}
{"timestamp": "2025-06-20T18:20:59.747617", "level": "INFO", "logger": "training", "message": "에피소드 190", "module": "logging_system", "function": "info", "line": 160, "extra": {"episode": 190, "reward": 258.0, "recent_avg_reward": 406.7, "duration": 0.25142812728881836, "loss": 18.36804806823705}}
{"timestamp": "2025-06-20T18:21:02.355006", "level": "INFO", "logger": "training", "message": "에피소드 200", "module": "logging_system", "function": "info", "line": 160, "extra": {"episode": 200, "reward": 129.0, "recent_avg_reward": 273.4, "duration": 0.12231087684631348, "loss": 24.32623192686732}}
{"timestamp": "2025-06-20T18:21:06.601977", "level": "INFO", "logger": "training", "message": "에피소드 210", "module": "logging_system", "function": "info", "line": 160, "extra": {"episode": 210, "reward": 500.0, "recent_avg_reward": 429.4, "duration": 0.4972662925720215, "loss": 19.253986425444484}}
{"timestamp": "2025-06-20T18:21:10.709776", "level": "INFO", "logger": "training", "message": "에피소드 220", "module": "logging_system", "function": "info", "line": 160, "extra": {"episode": 220, "reward": 500.0, "recent_avg_reward": 410.8, "duration": 0.48209142684936523, "loss": 17.20825488218665}}
{"timestamp": "2025-06-20T18:21:14.838472", "level": "INFO", "logger": "training", "message": "에피소드 230", "module": "logging_system", "function": "info", "line": 160, "extra": {"episode": 230, "reward": 226.0, "recent_avg_reward": 406.0, "duration": 0.23430490493774414, "loss": 24.245909427136052}}
{"timestamp": "2025-06-20T18:21:18.714583", "level": "INFO", "logger": "training", "message": "에피소드 240", "module": "logging_system", "function": "info", "line": 160, "extra": {"episode": 240, "reward": 500.0, "recent_avg_reward": 366.0, "duration": 0.5056629180908203, "loss": 22.135123003005983}}
{"timestamp": "2025-06-20T18:21:21.602715", "level": "INFO", "logger": "training", "message": "에피소드 250", "module": "logging_system", "function": "info", "line": 160, "extra": {"episode": 250, "reward": 500.0, "recent_avg_reward": 271.7, "duration": 0.548271656036377, "loss": 19.514823738090694}}
{"timestamp": "2025-06-20T18:21:24.195870", "level": "INFO", "logger": "training", "message": "에피소드 260", "module": "logging_system", "function": "info", "line": 160, "extra": {"episode": 260, "reward": 124.0, "recent_avg_reward": 241.6, "duration": 0.1276874542236328, "loss": 22.784820865328996}}
{"timestamp": "2025-06-20T18:21:25.854960", "level": "INFO", "logger": "training", "message": "에피소드 270", "module": "logging_system", "function": "info", "line": 160, "extra": {"episode": 270, "reward": 132.0, "recent_avg_reward": 402.5, "duration": 0.1400911808013916, "loss": 24.274504842801075}}
{"timestamp": "2025-06-20T18:21:27.764169", "level": "INFO", "logger": "training", "message": "에피소드 280", "module": "logging_system", "function": "info", "line": 160, "extra": {"episode": 280, "reward": 112.0, "recent_avg_reward": 176.7, "duration": 0.11991238594055176, "loss": 29.070077441133826}}
{"timestamp": "2025-06-20T18:21:31.573350", "level": "INFO", "logger": "training", "message": "에피소드 290", "module": "logging_system", "function": "info", "line": 160, "extra": {"episode": 290, "reward": 500.0, "recent_avg_reward": 354.7, "duration": 0.5458569526672363, "loss": 22.92144136202708}}
{"timestamp": "2025-06-20T18:21:36.689815", "level": "INFO", "logger": "training", "message": "에피소드 300", "module": "logging_system", "function": "info", "line": 160, "extra": {"episode": 300, "reward": 500.0, "recent_avg_reward": 467.7, "duration": 0.5693399906158447, "loss": 28.797742218509317}}
{"timestamp": "2025-06-20T18:21:41.145854", "level": "INFO", "logger": "training", "message": "에피소드 310", "module": "logging_system", "function": "info", "line": 160, "extra": {"episode": 310, "reward": 82.0, "recent_avg_reward": 409.5, "duration": 0.0911703109741211, "loss": 20.149118181499766}}
{"timestamp": "2025-06-20T18:21:45.968668", "level": "INFO", "logger": "training", "message": "에피소드 320", "module": "logging_system", "function": "info", "line": 160, "extra": {"episode": 320, "reward": 500.0, "recent_avg_reward": 429.5, "duration": 0.5389361381530762, "loss": 27.02732237944752}}
{"timestamp": "2025-06-20T18:21:49.036232", "level": "INFO", "logger": "training", "message": "에피소드 330", "module": "logging_system", "function": "info", "line": 160, "extra": {"episode": 330, "reward": 250.0, "recent_avg_reward": 287.5, "duration": 0.24256610870361328, "loss": 22.90672933485359}}
{"timestamp": "2025-06-20T18:21:51.448708", "level": "INFO", "logger": "training", "message": "에피소드 340", "module": "logging_system", "function": "info", "line": 160, "extra": {"episode": 340, "reward": 110.0, "recent_avg_reward": 209.2, "duration": 0.10411691665649414, "loss": 29.53114307949489}}
{"timestamp": "2025-06-20T18:21:52.944827", "level": "INFO", "logger": "training", "message": "에피소드 350", "module": "logging_system", "function": "info", "line": 160, "extra": {"episode": 350, "reward": 108.0, "recent_avg_reward": 134.0, "duration": 0.12561774253845215, "loss": 23.134351434806984}}
{"timestamp": "2025-06-20T18:21:54.298612", "level": "INFO", "logger": "training", "message": "에피소드 360", "module": "logging_system", "function": "info", "line": 160, "extra": {"episode": 360, "reward": 500.0, "recent_avg_reward": 350.5, "duration": 0.5649652481079102, "loss": 24.396088564891368}}
{"timestamp": "2025-06-20T18:21:59.482646", "level": "INFO", "logger": "training", "message": "에피소드 370", "module": "logging_system", "function": "info", "line": 160, "extra": {"episode": 370, "reward": 500.0, "recent_avg_reward": 478.4, "duration": 0.5337979793548584, "loss": 28.29179338162951}}
{"timestamp": "2025-06-20T18:22:03.136905", "level": "INFO", "logger": "training", "message": "에피소드 380", "module": "logging_system", "function": "info", "line": 160, "extra": {"episode": 380, "reward": 129.0, "recent_avg_reward": 338.8, "duration": 0.1314258575439453, "loss": 22.632295134484536}}
{"timestamp": "2025-06-20T18:22:07.338260", "level": "INFO", "logger": "training", "message": "에피소드 390", "module": "logging_system", "function": "info", "line": 160, "extra": {"episode": 390, "reward": 430.0, "recent_avg_reward": 375.4, "duration": 0.5036411285400391, "loss": 25.40127680508723}}
{"timestamp": "2025-06-20T18:22:09.262183", "level": "INFO", "logger": "training", "message": "에피소드 400", "module": "logging_system", "function": "info", "line": 160, "extra": {"episode": 400, "reward": 131.0, "recent_avg_reward": 169.5, "duration": 0.15061664581298828, "loss": 26.920751565825622}}
{"timestamp": "2025-06-20T18:22:14.287839", "level": "INFO", "logger": "training", "message": "에피소드 410", "module": "logging_system", "function": "info", "line": 160, "extra": {"episode": 410, "reward": 500.0, "recent_avg_reward": 453.0, "duration": 0.5013628005981445, "loss": 18.835933191929012}}
{"timestamp": "2025-06-20T18:22:17.308055", "level": "INFO", "logger": "training", "message": "에피소드 420", "module": "logging_system", "function": "info", "line": 160, "extra": {"episode": 420, "reward": 274.0, "recent_avg_reward": 275.9, "duration": 0.3029778003692627, "loss": 26.61824306624051}}
{"timestamp": "2025-06-20T18:22:21.526463", "level": "INFO", "logger": "training", "message": "에피소드 430", "module": "logging_system", "function": "info", "line": 160, "extra": {"episode": 430, "reward": 500.0, "recent_avg_reward": 364.9, "duration": 0.5661003589630127, "loss": 28.960820254258813}}
{"timestamp": "2025-06-20T18:22:23.537358", "level": "INFO", "logger": "training", "message": "에피소드 440", "module": "logging_system", "function": "info", "line": 160, "extra": {"episode": 440, "reward": 257.0, "recent_avg_reward": 412.4, "duration": 0.29038190841674805, "loss": 31.137331595796557}}
{"timestamp": "2025-06-20T18:22:25.364689", "level": "INFO", "logger": "training", "message": "에피소드 450", "module": "logging_system", "function": "info", "line": 160, "extra": {"episode": 450, "reward": 19.0, "recent_avg_reward": 169.8, "duration": 0.023900747299194336, "loss": 26.084180318701424}}
{"timestamp": "2025-06-20T18:22:28.373614", "level": "INFO", "logger": "training", "message": "에피소드 460", "module": "logging_system", "function": "info", "line": 160, "extra": {"episode": 460, "reward": 500.0, "recent_avg_reward": 273.3, "duration": 0.6070246696472168, "loss": 25.892379020765425}}
{"timestamp": "2025-06-20T18:22:33.784364", "level": "INFO", "logger": "training", "message": "에피소드 470", "module": "logging_system", "function": "info", "line": 160, "extra": {"episode": 470, "reward": 500.0, "recent_avg_reward": 485.1, "duration": 0.5574965476989746, "loss": 27.722904063239692}}
{"timestamp": "2025-06-20T18:22:37.316187", "level": "INFO", "logger": "training", "message": "에피소드 480", "module": "logging_system", "function": "info", "line": 160, "extra": {"episode": 480, "reward": 173.0, "recent_avg_reward": 305.1, "duration": 0.20184755325317383, "loss": 26.898931849936314}}
{"timestamp": "2025-06-20T18:22:39.706439", "level": "INFO", "logger": "training", "message": "에피소드 490", "module": "logging_system", "function": "info", "line": 160, "extra": {"episode": 490, "reward": 156.0, "recent_avg_reward": 210.0, "duration": 0.18475651741027832, "loss": 26.76389077105201}}
{"timestamp": "2025-06-20T18:22:44.002856", "level": "INFO", "logger": "training", "message": "에피소드 500", "module": "logging_system", "function": "info", "line": 160, "extra": {"episode": 500, "reward": 422.0, "recent_avg_reward": 378.0, "duration": 0.46423816680908203, "loss": 28.668579093692603}}
{"timestamp": "2025-06-20T18:22:46.447341", "level": "INFO", "logger": "training", "message": "에피소드 510", "module": "logging_system", "function": "info", "line": 160, "extra": {"episode": 510, "reward": 26.0, "recent_avg_reward": 212.1, "duration": 0.034238576889038086, "loss": 19.827772881549137}}
{"timestamp": "2025-06-20T18:22:48.921241", "level": "INFO", "logger": "training", "message": "에피소드 520", "module": "logging_system", "function": "info", "line": 160, "extra": {"episode": 520, "reward": 182.0, "recent_avg_reward": 215.6, "duration": 0.21144914627075195, "loss": 28.871090686337634}}
{"timestamp": "2025-06-20T18:22:50.337620", "level": "INFO", "logger": "training", "message": "에피소드 530", "module": "logging_system", "function": "info", "line": 160, "extra": {"episode": 530, "reward": 476.0, "recent_avg_reward": 353.8, "duration": 0.5283844470977783, "loss": 30.187114865190406}}
{"timestamp": "2025-06-20T18:22:55.477612", "level": "INFO", "logger": "training", "message": "에피소드 540", "module": "logging_system", "function": "info", "line": 160, "extra": {"episode": 540, "reward": 500.0, "recent_avg_reward": 465.3, "duration": 0.545520544052124, "loss": 33.00441341818869}}
{"timestamp": "2025-06-20T18:22:59.596201", "level": "INFO", "logger": "training", "message": "에피소드 550", "module": "logging_system", "function": "info", "line": 160, "extra": {"episode": 550, "reward": 173.0, "recent_avg_reward": 377.6, "duration": 0.17891955375671387, "loss": 25.942447737300757}}
{"timestamp": "2025-06-20T18:23:01.561444", "level": "INFO", "logger": "training", "message": "에피소드 560", "module": "logging_system", "function": "info", "line": 160, "extra": {"episode": 560, "reward": 294.0, "recent_avg_reward": 175.2, "duration": 0.3294074535369873, "loss": 33.23608019458903}}
{"timestamp": "2025-06-20T18:23:05.492750", "level": "INFO", "logger": "training", "message": "에피소드 570", "module": "logging_system", "function": "info", "line": 160, "extra": {"episode": 570, "reward": 500.0, "recent_avg_reward": 349.6, "duration": 0.5561137199401855, "loss": 33.8008614889048}}
{"timestamp": "2025-06-20T18:23:09.935890", "level": "INFO", "logger": "training", "message": "에피소드 580", "module": "logging_system", "function": "info", "line": 160, "extra": {"episode": 580, "reward": 500.0, "recent_avg_reward": 390.6, "duration": 0.5736920833587646, "loss": 34.054052752546966}}
{"timestamp": "2025-06-20T18:23:12.766825", "level": "INFO", "logger": "training", "message": "에피소드 590", "module": "logging_system", "function": "info", "line": 160, "extra": {"episode": 590, "reward": 121.0, "recent_avg_reward": 244.4, "duration": 0.13460707664489746, "loss": 20.05501928180456}}
{"timestamp": "2025-06-20T18:23:15.149395", "level": "INFO", "logger": "training", "message": "에피소드 600", "module": "logging_system", "function": "info", "line": 160, "extra": {"episode": 600, "reward": 117.0, "recent_avg_reward": 424.6, "duration": 0.1253795623779297, "loss": 42.15638908747042}}
{"timestamp": "2025-06-20T18:23:18.371324", "level": "INFO", "logger": "training", "message": "에피소드 610", "module": "logging_system", "function": "info", "line": 160, "extra": {"episode": 610, "reward": 334.0, "recent_avg_reward": 280.4, "duration": 0.3795285224914551, "loss": 31.133443328178302}}
{"timestamp": "2025-06-20T18:23:21.531036", "level": "INFO", "logger": "training", "message": "에피소드 620", "module": "logging_system", "function": "info", "line": 160, "extra": {"episode": 620, "reward": 274.0, "recent_avg_reward": 273.5, "duration": 0.31528806686401367, "loss": 31.325872980826365}}
{"timestamp": "2025-06-20T18:23:25.869716", "level": "INFO", "logger": "training", "message": "에피소드 630", "module": "logging_system", "function": "info", "line": 160, "extra": {"episode": 630, "reward": 72.0, "recent_avg_reward": 388.5, "duration": 0.07711935043334961, "loss": 48.45194173824146}}
{"timestamp": "2025-06-20T18:23:28.870989", "level": "INFO", "logger": "training", "message": "에피소드 640", "module": "logging_system", "function": "info", "line": 160, "extra": {"episode": 640, "reward": 125.0, "recent_avg_reward": 263.4, "duration": 0.15486454963684082, "loss": 40.081490994781255}}
{"timestamp": "2025-06-20T18:23:30.195298", "level": "INFO", "logger": "training", "message": "에피소드 650", "module": "logging_system", "function": "info", "line": 160, "extra": {"episode": 650, "reward": 319.0, "recent_avg_reward": 116.1, "duration": 0.3624424934387207, "loss": 39.474846577814844}}
{"timestamp": "2025-06-20T18:23:33.422998", "level": "INFO", "logger": "training", "message": "에피소드 660", "module": "logging_system", "function": "info", "line": 160, "extra": {"episode": 660, "reward": 500.0, "recent_avg_reward": 283.1, "duration": 0.5226538181304932, "loss": 32.983766732819376}}
{"timestamp": "2025-06-20T18:23:37.810946", "level": "INFO", "logger": "training", "message": "에피소드 670", "module": "logging_system", "function": "info", "line": 160, "extra": {"episode": 670, "reward": 50.0, "recent_avg_reward": 385.4, "duration": 0.0538785457611084, "loss": 31.579339831992982}}
{"timestamp": "2025-06-20T18:23:41.383021", "level": "INFO", "logger": "training", "message": "에피소드 680", "module": "logging_system", "function": "info", "line": 160, "extra": {"episode": 680, "reward": 30.0, "recent_avg_reward": 316.9, "duration": 0.034888267517089844, "loss": 11.372846148100992}}
{"timestamp": "2025-06-20T18:23:42.587258", "level": "INFO", "logger": "training", "message": "에피소드 690", "module": "logging_system", "function": "info", "line": 160, "extra": {"episode": 690, "reward": 150.0, "recent_avg_reward": 336.1, "duration": 0.15667319297790527, "loss": 26.974457063886028}}
{"timestamp": "2025-06-20T18:23:46.839623", "level": "INFO", "logger": "training", "message": "에피소드 700", "module": "logging_system", "function": "info", "line": 160, "extra": {"episode": 700, "reward": 150.0, "recent_avg_reward": 372.8, "duration": 0.16104841232299805, "loss": 33.25023444883525}}
{"timestamp": "2025-06-20T18:23:48.913033", "level": "INFO", "logger": "training", "message": "에피소드 710", "module": "logging_system", "function": "info", "line": 160, "extra": {"episode": 710, "reward": 117.0, "recent_avg_reward": 181.8, "duration": 0.13373589515686035, "loss": 28.75216294511452}}
{"timestamp": "2025-06-20T18:23:52.995933", "level": "INFO", "logger": "training", "message": "에피소드 720", "module": "logging_system", "function": "info", "line": 160, "extra": {"episode": 720, "reward": 153.0, "recent_avg_reward": 363.1, "duration": 0.15895891189575195, "loss": 33.8920604134575}}
{"timestamp": "2025-06-20T18:23:55.554440", "level": "INFO", "logger": "training", "message": "에피소드 730", "module": "logging_system", "function": "info", "line": 160, "extra": {"episode": 730, "reward": 163.0, "recent_avg_reward": 218.9, "duration": 0.18101024627685547, "loss": 44.45989432953801}}
{"timestamp": "2025-06-20T18:23:58.400967", "level": "INFO", "logger": "training", "message": "에피소드 740", "module": "logging_system", "function": "info", "line": 160, "extra": {"episode": 740, "reward": 500.0, "recent_avg_reward": 254.8, "duration": 0.5219955444335938, "loss": 30.866357073854655}}
{"timestamp": "2025-06-20T18:24:02.606408", "level": "INFO", "logger": "training", "message": "에피소드 750", "module": "logging_system", "function": "info", "line": 160, "extra": {"episode": 750, "reward": 195.0, "recent_avg_reward": 361.7, "duration": 0.2231135368347168, "loss": 35.92307079382814}}
{"timestamp": "2025-06-20T18:24:05.689155", "level": "INFO", "logger": "training", "message": "에피소드 760", "module": "logging_system", "function": "info", "line": 160, "extra": {"episode": 760, "reward": 500.0, "recent_avg_reward": 263.5, "duration": 0.5868568420410156, "loss": 37.66934382838011}}
{"timestamp": "2025-06-20T18:24:10.398234", "level": "INFO", "logger": "training", "message": "에피소드 770", "module": "logging_system", "function": "info", "line": 160, "extra": {"episode": 770, "reward": 500.0, "recent_avg_reward": 410.6, "duration": 0.5737643241882324, "loss": 35.09647023362852}}
{"timestamp": "2025-06-20T18:24:11.252352", "level": "INFO", "logger": "training", "message": "에피소드 780", "module": "logging_system", "function": "info", "line": 160, "extra": {"episode": 780, "reward": 104.0, "recent_avg_reward": 299.5, "duration": 0.12116670608520508, "loss": 24.598478904549175}}
{"timestamp": "2025-06-20T18:24:14.752702", "level": "INFO", "logger": "training", "message": "에피소드 790", "module": "logging_system", "function": "info", "line": 160, "extra": {"episode": 790, "reward": 473.0, "recent_avg_reward": 312.5, "duration": 0.5180275440216064, "loss": 34.04021236480826}}
{"timestamp": "2025-06-20T18:24:19.066067", "level": "INFO", "logger": "training", "message": "에피소드 800", "module": "logging_system", "function": "info", "line": 160, "extra": {"episode": 800, "reward": 500.0, "recent_avg_reward": 378.1, "duration": 0.5928173065185547, "loss": 31.23435290266201}}
{"timestamp": "2025-06-20T18:24:23.497704", "level": "INFO", "logger": "training", "message": "에피소드 810", "module": "logging_system", "function": "info", "line": 160, "extra": {"episode": 810, "reward": 500.0, "recent_avg_reward": 373.3, "duration": 0.5863957405090332, "loss": 36.69117573123239}}
{"timestamp": "2025-06-20T18:24:25.833645", "level": "INFO", "logger": "training", "message": "에피소드 820", "module": "logging_system", "function": "info", "line": 160, "extra": {"episode": 820, "reward": 131.0, "recent_avg_reward": 205.7, "duration": 0.1382131576538086, "loss": 32.742987446088826}}
{"timestamp": "2025-06-20T18:24:28.460780", "level": "INFO", "logger": "training", "message": "에피소드 830", "module": "logging_system", "function": "info", "line": 160, "extra": {"episode": 830, "reward": 285.0, "recent_avg_reward": 223.2, "duration": 0.3213810920715332, "loss": 38.577508163341044}}
{"timestamp": "2025-06-20T18:24:29.351430", "level": "INFO", "logger": "training", "message": "에피소드 840", "module": "logging_system", "function": "info", "line": 160, "extra": {"episode": 840, "reward": 95.0, "recent_avg_reward": 73.9, "duration": 0.11596202850341797, "loss": 35.55390699897942}}
{"timestamp": "2025-06-20T18:24:32.272726", "level": "INFO", "logger": "training", "message": "에피소드 850", "module": "logging_system", "function": "info", "line": 160, "extra": {"episode": 850, "reward": 500.0, "recent_avg_reward": 246.5, "duration": 0.5689194202423096, "loss": 36.19510915495455}}
{"timestamp": "2025-06-20T18:24:34.385439", "level": "INFO", "logger": "training", "message": "에피소드 860", "module": "logging_system", "function": "info", "line": 160, "extra": {"episode": 860, "reward": 161.0, "recent_avg_reward": 185.5, "duration": 0.1795949935913086, "loss": 24.698623560230185}}
{"timestamp": "2025-06-20T18:24:37.202420", "level": "INFO", "logger": "training", "message": "에피소드 870", "module": "logging_system", "function": "info", "line": 160, "extra": {"episode": 870, "reward": 175.0, "recent_avg_reward": 241.0, "duration": 0.19980669021606445, "loss": 38.0005433194765}}
{"timestamp": "2025-06-20T18:24:38.463764", "level": "INFO", "logger": "training", "message": "에피소드 880", "module": "logging_system", "function": "info", "line": 160, "extra": {"episode": 880, "reward": 13.0, "recent_avg_reward": 332.2, "duration": 0.013805627822875977, "loss": 63.43569486416303}}
{"timestamp": "2025-06-20T18:24:40.969346", "level": "INFO", "logger": "training", "message": "에피소드 890", "module": "logging_system", "function": "info", "line": 160, "extra": {"episode": 890, "reward": 500.0, "recent_avg_reward": 213.4, "duration": 0.5702762603759766, "loss": 34.423315848935395}}
{"timestamp": "2025-06-20T18:24:44.808467", "level": "INFO", "logger": "training", "message": "에피소드 900", "module": "logging_system", "function": "info", "line": 160, "extra": {"episode": 900, "reward": 500.0, "recent_avg_reward": 334.9, "duration": 0.5890202522277832, "loss": 33.98745968440548}}
{"timestamp": "2025-06-20T18:24:48.047192", "level": "INFO", "logger": "training", "message": "에피소드 910", "module": "logging_system", "function": "info", "line": 160, "extra": {"episode": 910, "reward": 153.0, "recent_avg_reward": 279.7, "duration": 0.17023205757141113, "loss": 30.029636448930972}}
{"timestamp": "2025-06-20T18:24:51.184007", "level": "INFO", "logger": "training", "message": "에피소드 920", "module": "logging_system", "function": "info", "line": 160, "extra": {"episode": 920, "reward": 149.0, "recent_avg_reward": 272.3, "duration": 0.16117620468139648, "loss": 37.508157917429635}}
{"timestamp": "2025-06-20T18:24:54.194716", "level": "INFO", "logger": "training", "message": "에피소드 930", "module": "logging_system", "function": "info", "line": 160, "extra": {"episode": 930, "reward": 116.0, "recent_avg_reward": 257.4, "duration": 0.15867280960083008, "loss": 24.149274236667132}}
{"timestamp": "2025-06-20T18:24:56.228024", "level": "INFO", "logger": "training", "message": "에피소드 940", "module": "logging_system", "function": "info", "line": 160, "extra": {"episode": 940, "reward": 446.0, "recent_avg_reward": 175.0, "duration": 0.5276777744293213, "loss": 43.17647350761588}}
{"timestamp": "2025-06-20T18:25:00.236435", "level": "INFO", "logger": "training", "message": "에피소드 950", "module": "logging_system", "function": "info", "line": 160, "extra": {"episode": 950, "reward": 46.0, "recent_avg_reward": 343.2, "duration": 0.049252986907958984, "loss": 48.21123914372014}}
{"timestamp": "2025-06-20T18:25:03.273836", "level": "INFO", "logger": "training", "message": "에피소드 960", "module": "logging_system", "function": "info", "line": 160, "extra": {"episode": 960, "reward": 297.0, "recent_avg_reward": 260.1, "duration": 0.3277592658996582, "loss": 34.379395106750906}}
{"timestamp": "2025-06-20T18:25:04.645429", "level": "INFO", "logger": "training", "message": "에피소드 970", "module": "logging_system", "function": "info", "line": 160, "extra": {"episode": 970, "reward": 302.0, "recent_avg_reward": 334.2, "duration": -1.277177095413208, "loss": 30.860185380482317}}
{"timestamp": "2025-06-20T18:25:07.090397", "level": "INFO", "logger": "training", "message": "에피소드 980", "module": "logging_system", "function": "info", "line": 160, "extra": {"episode": 980, "reward": 134.0, "recent_avg_reward": 205.7, "duration": 0.18106985092163086, "loss": 36.173393271154545}}
{"timestamp": "2025-06-20T18:25:11.263170", "level": "INFO", "logger": "training", "message": "에피소드 990", "module": "logging_system", "function": "info", "line": 160, "extra": {"episode": 990, "reward": 14.0, "recent_avg_reward": 370.7, "duration": 0.018816232681274414, "loss": 11.760038575556662}}
{"timestamp": "2025-06-20T18:25:13.280947", "level": "INFO", "logger": "training", "message": "훈련 완료", "module": "logging_system", "function": "info", "line": 160, "extra": {"env_name": "ContinuousCartPole", "algorithm": "dqn", "total_episodes": 1000, "final_avg_reward": 271.9}}
{"timestamp": "2025-06-20T18:25:13.285496", "level": "INFO", "logger": "training", "message": "훈련 결과 저장", "module": "logging_system", "function": "info", "line": 160, "extra": {"results_file": "results/comprehensive_training/dqn_ContinuousCartPole_20250620_180628.json", "env_name": "ContinuousCartPole", "algorithm": "dqn"}}
{"timestamp": "2025-06-20T18:25:13.306022", "level": "INFO", "logger": "training", "message": "훈련 시작: ddpg on ContinuousCartPole", "module": "logging_system", "function": "info", "line": 160, "extra": null}
{"timestamp": "2025-06-20T18:25:13.306688", "level": "INFO", "logger": "training", "message": "환경별 훈련 시작", "module": "logging_system", "function": "info", "line": 160, "extra": {"env_name": "ContinuousCartPole", "algorithm": "ddpg", "max_episodes": 1000}}
{"timestamp": "2025-06-20T18:25:13.320057", "level": "INFO", "logger": "training", "message": "훈련 시작", "module": "logging_system", "function": "info", "line": 160, "extra": {"env_name": "ContinuousCartPole", "algorithm": "ddpg", "max_episodes": 1000}}
{"timestamp": "2025-06-20T18:25:13.680749", "level": "INFO", "logger": "training", "message": "에피소드 0", "module": "logging_system", "function": "info", "line": 160, "extra": {"episode": 0, "reward": -128.98702239581453, "recent_avg_reward": -128.98702239581453, "duration": 0.3600473403930664, "loss": 0.0}}
{"timestamp": "2025-06-20T18:25:18.763595", "level": "INFO", "logger": "training", "message": "에피소드 10", "module": "logging_system", "function": "info", "line": 160, "extra": {"episode": 10, "reward": -162.04724721045676, "recent_avg_reward": -149.4272252976346, "duration": 0.5606591701507568, "loss": 0.0}}
{"timestamp": "2025-06-20T18:25:23.685215", "level": "INFO", "logger": "training", "message": "에피소드 20", "module": "logging_system", "function": "info", "line": 160, "extra": {"episode": 20, "reward": -97.53657092193355, "recent_avg_reward": -143.1517417229241, "duration": 0.5267009735107422, "loss": 0.0}}
{"timestamp": "2025-06-20T18:25:28.870862", "level": "INFO", "logger": "training", "message": "에피소드 30", "module": "logging_system", "function": "info", "line": 160, "extra": {"episode": 30, "reward": -152.53362273297594, "recent_avg_reward": -116.34209184580327, "duration": 0.5398733615875244, "loss": 0.0}}
{"timestamp": "2025-06-20T18:25:33.778885", "level": "INFO", "logger": "training", "message": "에피소드 40", "module": "logging_system", "function": "info", "line": 160, "extra": {"episode": 40, "reward": -151.75845484392082, "recent_avg_reward": -65.89609835976277, "duration": 0.4883253574371338, "loss": 0.0}}
{"timestamp": "2025-06-20T18:25:36.106328", "level": "INFO", "logger": "training", "message": "에피소드 50", "module": "logging_system", "function": "info", "line": 160, "extra": {"episode": 50, "reward": -149.7556216124926, "recent_avg_reward": -110.48246724963319, "duration": 0.47210216522216797, "loss": 0.0}}
{"timestamp": "2025-06-20T18:25:41.057861", "level": "INFO", "logger": "training", "message": "에피소드 60", "module": "logging_system", "function": "info", "line": 160, "extra": {"episode": 60, "reward": -142.29093130801778, "recent_avg_reward": -75.38769814527916, "duration": 0.5147416591644287, "loss": 0.0}}
{"timestamp": "2025-06-20T18:25:45.970461", "level": "INFO", "logger": "training", "message": "에피소드 70", "module": "logging_system", "function": "info", "line": 160, "extra": {"episode": 70, "reward": -11.689431656556659, "recent_avg_reward": -80.72957923319879, "duration": 0.4785127639770508, "loss": 0.0}}
{"timestamp": "2025-06-20T18:25:51.006006", "level": "INFO", "logger": "training", "message": "에피소드 80", "module": "logging_system", "function": "info", "line": 160, "extra": {"episode": 80, "reward": -160.16332515607357, "recent_avg_reward": -65.47983535797917, "duration": 0.5309295654296875, "loss": 0.0}}
{"timestamp": "2025-06-20T18:25:55.910479", "level": "INFO", "logger": "training", "message": "에피소드 90", "module": "logging_system", "function": "info", "line": 160, "extra": {"episode": 90, "reward": -12.68144771055177, "recent_avg_reward": -86.5308957994594, "duration": 0.5180411338806152, "loss": 0.0}}
{"timestamp": "2025-06-20T18:26:00.917772", "level": "INFO", "logger": "training", "message": "에피소드 100", "module": "logging_system", "function": "info", "line": 160, "extra": {"episode": 100, "reward": -166.894720287501, "recent_avg_reward": -53.909772392208346, "duration": 0.4952123165130615, "loss": 0.0}}
{"timestamp": "2025-06-20T18:26:03.404476", "level": "INFO", "logger": "training", "message": "에피소드 110", "module": "logging_system", "function": "info", "line": 160, "extra": {"episode": 110, "reward": -25.47663040303441, "recent_avg_reward": -22.111699306424523, "duration": 0.486356258392334, "loss": 0.0}}
{"timestamp": "2025-06-20T18:26:08.430093", "level": "INFO", "logger": "training", "message": "에피소드 120", "module": "logging_system", "function": "info", "line": 160, "extra": {"episode": 120, "reward": -12.917005116089651, "recent_avg_reward": -18.942787294489126, "duration": 0.48091864585876465, "loss": 0.0}}
{"timestamp": "2025-06-20T18:26:13.311921", "level": "INFO", "logger": "training", "message": "에피소드 130", "module": "logging_system", "function": "info", "line": 160, "extra": {"episode": 130, "reward": -12.764204297354219, "recent_avg_reward": -26.128928325672337, "duration": 0.5015304088592529, "loss": 0.0}}
{"timestamp": "2025-06-20T18:26:18.362068", "level": "INFO", "logger": "training", "message": "에피소드 140", "module": "logging_system", "function": "info", "line": 160, "extra": {"episode": 140, "reward": -92.14362916392396, "recent_avg_reward": -50.92617072168311, "duration": 0.4743056297302246, "loss": 0.0}}
{"timestamp": "2025-06-20T18:26:23.355493", "level": "INFO", "logger": "training", "message": "에피소드 150", "module": "logging_system", "function": "info", "line": 160, "extra": {"episode": 150, "reward": -38.459432684025565, "recent_avg_reward": -40.207936865299686, "duration": 0.5012962818145752, "loss": 0.0}}
{"timestamp": "2025-06-20T18:26:28.401181", "level": "INFO", "logger": "training", "message": "에피소드 160", "module": "logging_system", "function": "info", "line": 160, "extra": {"episode": 160, "reward": -26.08619182044861, "recent_avg_reward": -24.75098460418687, "duration": 0.5095534324645996, "loss": 0.0}}
{"timestamp": "2025-06-20T18:26:30.897478", "level": "INFO", "logger": "training", "message": "에피소드 170", "module": "logging_system", "function": "info", "line": 160, "extra": {"episode": 170, "reward": -13.976905776043688, "recent_avg_reward": -27.35285441665488, "duration": 0.5025689601898193, "loss": 0.0}}
{"timestamp": "2025-06-20T18:26:35.777516", "level": "INFO", "logger": "training", "message": "에피소드 180", "module": "logging_system", "function": "info", "line": 160, "extra": {"episode": 180, "reward": -13.656816496800527, "recent_avg_reward": -18.01151832653638, "duration": 0.49343180656433105, "loss": 0.0}}
{"timestamp": "2025-06-20T18:26:40.852786", "level": "INFO", "logger": "training", "message": "에피소드 190", "module": "logging_system", "function": "info", "line": 160, "extra": {"episode": 190, "reward": -1.5990318602250992, "recent_avg_reward": -19.323202709176876, "duration": 0.49132370948791504, "loss": 0.0}}
{"timestamp": "2025-06-20T18:26:45.843132", "level": "INFO", "logger": "training", "message": "에피소드 200", "module": "logging_system", "function": "info", "line": 160, "extra": {"episode": 200, "reward": -25.225411255690876, "recent_avg_reward": -24.716569640639236, "duration": 0.4748055934906006, "loss": 0.0}}
{"timestamp": "2025-06-20T18:26:50.921504", "level": "INFO", "logger": "training", "message": "에피소드 210", "module": "logging_system", "function": "info", "line": 160, "extra": {"episode": 210, "reward": -12.095407452731214, "recent_avg_reward": -23.923275599245663, "duration": 0.47689294815063477, "loss": 0.0}}
{"timestamp": "2025-06-20T18:26:55.950042", "level": "INFO", "logger": "training", "message": "에피소드 220", "module": "logging_system", "function": "info", "line": 160, "extra": {"episode": 220, "reward": -12.537793796000871, "recent_avg_reward": -11.289965282489836, "duration": 0.45590925216674805, "loss": 0.0}}
{"timestamp": "2025-06-20T18:26:58.519792", "level": "INFO", "logger": "training", "message": "에피소드 230", "module": "logging_system", "function": "info", "line": 160, "extra": {"episode": 230, "reward": -24.75386328631867, "recent_avg_reward": -19.288166671075494, "duration": 0.45945143699645996, "loss": 0.0}}
{"timestamp": "2025-06-20T18:27:03.608392", "level": "INFO", "logger": "training", "message": "에피소드 240", "module": "logging_system", "function": "info", "line": 160, "extra": {"episode": 240, "reward": -12.480972045519579, "recent_avg_reward": -14.578957680496973, "duration": 0.5452289581298828, "loss": 0.0}}
{"timestamp": "2025-06-20T18:27:08.770960", "level": "INFO", "logger": "training", "message": "에피소드 250", "module": "logging_system", "function": "info", "line": 160, "extra": {"episode": 250, "reward": -23.47386340068563, "recent_avg_reward": -15.616855443218105, "duration": 0.4891953468322754, "loss": 0.0}}
{"timestamp": "2025-06-20T18:27:13.882777", "level": "INFO", "logger": "training", "message": "에피소드 260", "module": "logging_system", "function": "info", "line": 160, "extra": {"episode": 260, "reward": -30.01634348505285, "recent_avg_reward": -18.74013009201736, "duration": 0.5388784408569336, "loss": 0.0}}
{"timestamp": "2025-06-20T18:27:18.951469", "level": "INFO", "logger": "training", "message": "에피소드 270", "module": "logging_system", "function": "info", "line": 160, "extra": {"episode": 270, "reward": -0.42002630075965347, "recent_avg_reward": -16.537505763878617, "duration": 0.4951314926147461, "loss": 0.0}}
{"timestamp": "2025-06-20T18:27:23.252240", "level": "INFO", "logger": "training", "message": "에피소드 280", "module": "logging_system", "function": "info", "line": 160, "extra": {"episode": 280, "reward": -12.849996082276142, "recent_avg_reward": -20.09431025316469, "duration": -0.4052414894104004, "loss": 0.0}}
{"timestamp": "2025-06-20T18:27:26.843860", "level": "INFO", "logger": "training", "message": "에피소드 290", "module": "logging_system", "function": "info", "line": 160, "extra": {"episode": 290, "reward": -23.226922456919723, "recent_avg_reward": -20.279302308810706, "duration": 0.46645402908325195, "loss": 0.0}}
{"timestamp": "2025-06-20T18:27:32.231167", "level": "INFO", "logger": "training", "message": "에피소드 300", "module": "logging_system", "function": "info", "line": 160, "extra": {"episode": 300, "reward": -0.946918406527276, "recent_avg_reward": -23.07946558005326, "duration": 0.5022759437561035, "loss": 0.0}}
{"timestamp": "2025-06-20T18:27:37.432858", "level": "INFO", "logger": "training", "message": "에피소드 310", "module": "logging_system", "function": "info", "line": 160, "extra": {"episode": 310, "reward": -31.283373682471403, "recent_avg_reward": -24.930163798456544, "duration": 0.5133788585662842, "loss": 0.0}}
{"timestamp": "2025-06-20T18:27:42.726073", "level": "INFO", "logger": "training", "message": "에피소드 320", "module": "logging_system", "function": "info", "line": 160, "extra": {"episode": 320, "reward": -1.0805794077439128, "recent_avg_reward": -18.74349264379708, "duration": 0.5311911106109619, "loss": 0.0}}
{"timestamp": "2025-06-20T18:27:47.955964", "level": "INFO", "logger": "training", "message": "에피소드 330", "module": "logging_system", "function": "info", "line": 160, "extra": {"episode": 330, "reward": -24.102767775267356, "recent_avg_reward": -18.052713853083322, "duration": 0.5022578239440918, "loss": 0.0}}
{"timestamp": "2025-06-20T18:27:50.612895", "level": "INFO", "logger": "training", "message": "에피소드 340", "module": "logging_system", "function": "info", "line": 160, "extra": {"episode": 340, "reward": -25.381401470811316, "recent_avg_reward": -22.239373536944687, "duration": 0.5065627098083496, "loss": 0.0}}
{"timestamp": "2025-06-20T18:27:55.797271", "level": "INFO", "logger": "training", "message": "에피소드 350", "module": "logging_system", "function": "info", "line": 160, "extra": {"episode": 350, "reward": -12.74857946507834, "recent_avg_reward": -13.742597588090481, "duration": 0.4774465560913086, "loss": 0.0}}
{"timestamp": "2025-06-20T18:28:01.058975", "level": "INFO", "logger": "training", "message": "에피소드 360", "module": "logging_system", "function": "info", "line": 160, "extra": {"episode": 360, "reward": -13.4100825158011, "recent_avg_reward": -21.722982284902514, "duration": 0.4900631904602051, "loss": 0.0}}
{"timestamp": "2025-06-20T18:28:06.390999", "level": "INFO", "logger": "training", "message": "에피소드 370", "module": "logging_system", "function": "info", "line": 160, "extra": {"episode": 370, "reward": -35.08692844829627, "recent_avg_reward": -18.018168828417785, "duration": 0.5202140808105469, "loss": 0.0}}
{"timestamp": "2025-06-20T18:28:11.888855", "level": "INFO", "logger": "training", "message": "에피소드 380", "module": "logging_system", "function": "info", "line": 160, "extra": {"episode": 380, "reward": -23.35130574543846, "recent_avg_reward": -21.02079327087434, "duration": 0.554894208908081, "loss": 0.0}}
{"timestamp": "2025-06-20T18:28:17.227125", "level": "INFO", "logger": "training", "message": "에피소드 390", "module": "logging_system", "function": "info", "line": 160, "extra": {"episode": 390, "reward": -25.003917746959253, "recent_avg_reward": -20.861207061289, "duration": 0.534907341003418, "loss": 0.0}}
{"timestamp": "2025-06-20T18:28:19.963624", "level": "INFO", "logger": "training", "message": "에피소드 400", "module": "logging_system", "function": "info", "line": 160, "extra": {"episode": 400, "reward": -24.486941590416322, "recent_avg_reward": -19.323981062403725, "duration": 0.5548727512359619, "loss": 0.0}}
{"timestamp": "2025-06-20T18:28:25.313054", "level": "INFO", "logger": "training", "message": "에피소드 410", "module": "logging_system", "function": "info", "line": 160, "extra": {"episode": 410, "reward": -24.010416696990582, "recent_avg_reward": -16.952975180715157, "duration": 0.5254619121551514, "loss": 0.0}}
{"timestamp": "2025-06-20T18:28:30.619869", "level": "INFO", "logger": "training", "message": "에피소드 420", "module": "logging_system", "function": "info", "line": 160, "extra": {"episode": 420, "reward": -24.40256385131251, "recent_avg_reward": -21.373448185851828, "duration": 0.5391223430633545, "loss": 0.0}}
{"timestamp": "2025-06-20T18:28:36.341196", "level": "INFO", "logger": "training", "message": "에피소드 430", "module": "logging_system", "function": "info", "line": 160, "extra": {"episode": 430, "reward": -0.8867869077193572, "recent_avg_reward": -23.661940291056105, "duration": 0.5327785015106201, "loss": 0.0}}
{"timestamp": "2025-06-20T18:28:41.831051", "level": "INFO", "logger": "training", "message": "에피소드 440", "module": "logging_system", "function": "info", "line": 160, "extra": {"episode": 440, "reward": -23.560355077870934, "recent_avg_reward": -12.820327887522335, "duration": 0.5441019535064697, "loss": 0.0}}
{"timestamp": "2025-06-20T18:28:44.823958", "level": "INFO", "logger": "training", "message": "에피소드 450", "module": "logging_system", "function": "info", "line": 160, "extra": {"episode": 450, "reward": -13.069773271183472, "recent_avg_reward": -15.958485290937185, "duration": 0.5492846965789795, "loss": 0.0}}
{"timestamp": "2025-06-20T18:28:50.408209", "level": "INFO", "logger": "training", "message": "에피소드 460", "module": "logging_system", "function": "info", "line": 160, "extra": {"episode": 460, "reward": -23.99977828656479, "recent_avg_reward": -22.59031563944639, "duration": 0.5139782428741455, "loss": 0.0}}
{"timestamp": "2025-06-20T18:28:55.809179", "level": "INFO", "logger": "training", "message": "에피소드 470", "module": "logging_system", "function": "info", "line": 160, "extra": {"episode": 470, "reward": -32.413286897129545, "recent_avg_reward": -23.296034243502895, "duration": 0.520737886428833, "loss": 0.0}}
{"timestamp": "2025-06-20T18:29:01.276096", "level": "INFO", "logger": "training", "message": "에피소드 480", "module": "logging_system", "function": "info", "line": 160, "extra": {"episode": 480, "reward": -22.439028255182915, "recent_avg_reward": -22.040149400254467, "duration": 0.5173060894012451, "loss": 0.0}}
{"timestamp": "2025-06-20T18:29:06.884544", "level": "INFO", "logger": "training", "message": "에피소드 490", "module": "logging_system", "function": "info", "line": 160, "extra": {"episode": 490, "reward": -32.879964196132484, "recent_avg_reward": -25.51327302942851, "duration": 0.5264620780944824, "loss": 0.0}}
{"timestamp": "2025-06-20T18:29:12.671198", "level": "INFO", "logger": "training", "message": "에피소드 500", "module": "logging_system", "function": "info", "line": 160, "extra": {"episode": 500, "reward": -25.489195772086344, "recent_avg_reward": -21.458393986761614, "duration": 0.5683708190917969, "loss": 0.0}}
{"timestamp": "2025-06-20T18:29:15.813452", "level": "INFO", "logger": "training", "message": "에피소드 510", "module": "logging_system", "function": "info", "line": 160, "extra": {"episode": 510, "reward": -12.498101897207938, "recent_avg_reward": -16.65987803036193, "duration": 0.572493314743042, "loss": 0.0}}
{"timestamp": "2025-06-20T18:29:21.436823", "level": "INFO", "logger": "training", "message": "에피소드 520", "module": "logging_system", "function": "info", "line": 160, "extra": {"episode": 520, "reward": -33.57384094067766, "recent_avg_reward": -24.4081192926517, "duration": 0.5709514617919922, "loss": 0.0}}
{"timestamp": "2025-06-20T18:29:27.157480", "level": "INFO", "logger": "training", "message": "에피소드 530", "module": "logging_system", "function": "info", "line": 160, "extra": {"episode": 530, "reward": -0.3525393095487879, "recent_avg_reward": -26.8598892088453, "duration": 0.5992472171783447, "loss": 0.0}}
{"timestamp": "2025-06-20T18:29:32.811907", "level": "INFO", "logger": "training", "message": "에피소드 540", "module": "logging_system", "function": "info", "line": 160, "extra": {"episode": 540, "reward": -24.32810927278863, "recent_avg_reward": -18.076714596159597, "duration": 0.5668158531188965, "loss": 0.0}}
{"timestamp": "2025-06-20T18:29:38.735866", "level": "INFO", "logger": "training", "message": "에피소드 550", "module": "logging_system", "function": "info", "line": 160, "extra": {"episode": 550, "reward": -22.354573499832355, "recent_avg_reward": -19.56976789372349, "duration": 0.5726871490478516, "loss": 0.0}}
{"timestamp": "2025-06-20T18:29:41.782100", "level": "INFO", "logger": "training", "message": "에피소드 560", "module": "logging_system", "function": "info", "line": 160, "extra": {"episode": 560, "reward": -0.6169373261165457, "recent_avg_reward": -19.611560578822143, "duration": 0.5239105224609375, "loss": 0.0}}
{"timestamp": "2025-06-20T18:29:47.414203", "level": "INFO", "logger": "training", "message": "에피소드 570", "module": "logging_system", "function": "info", "line": 160, "extra": {"episode": 570, "reward": -24.15493721401559, "recent_avg_reward": -21.860413387051562, "duration": 0.5912361145019531, "loss": 0.0}}
{"timestamp": "2025-06-20T18:29:53.060102", "level": "INFO", "logger": "training", "message": "에피소드 580", "module": "logging_system", "function": "info", "line": 160, "extra": {"episode": 580, "reward": -33.497182478703294, "recent_avg_reward": -22.60246210910783, "duration": 0.5446703433990479, "loss": 0.0}}
{"timestamp": "2025-06-20T18:29:58.787172", "level": "INFO", "logger": "training", "message": "에피소드 590", "module": "logging_system", "function": "info", "line": 160, "extra": {"episode": 590, "reward": -24.5091119511526, "recent_avg_reward": -20.63390867868872, "duration": 0.5848877429962158, "loss": 0.0}}
{"timestamp": "2025-06-20T18:30:04.518861", "level": "INFO", "logger": "training", "message": "에피소드 600", "module": "logging_system", "function": "info", "line": 160, "extra": {"episode": 600, "reward": -23.55127099743053, "recent_avg_reward": -12.503787353577886, "duration": 0.5610201358795166, "loss": 0.0}}
{"timestamp": "2025-06-20T18:30:07.641711", "level": "INFO", "logger": "training", "message": "에피소드 610", "module": "logging_system", "function": "info", "line": 160, "extra": {"episode": 610, "reward": -0.7353048810156496, "recent_avg_reward": -19.834835467656458, "duration": 0.5682291984558105, "loss": 0.0}}
{"timestamp": "2025-06-20T18:30:13.292902", "level": "INFO", "logger": "training", "message": "에피소드 620", "module": "logging_system", "function": "info", "line": 160, "extra": {"episode": 620, "reward": -24.070650030309714, "recent_avg_reward": -20.5533300257789, "duration": 0.5996060371398926, "loss": 0.0}}
{"timestamp": "2025-06-20T18:30:19.002058", "level": "INFO", "logger": "training", "message": "에피소드 630", "module": "logging_system", "function": "info", "line": 160, "extra": {"episode": 630, "reward": -0.49235483562579074, "recent_avg_reward": -18.155655268406854, "duration": 0.5592119693756104, "loss": 0.0}}
{"timestamp": "2025-06-20T18:30:24.741675", "level": "INFO", "logger": "training", "message": "에피소드 640", "module": "logging_system", "function": "info", "line": 160, "extra": {"episode": 640, "reward": -13.508816049944015, "recent_avg_reward": -16.173059542819196, "duration": 0.5717856884002686, "loss": 0.0}}
{"timestamp": "2025-06-20T18:30:30.536190", "level": "INFO", "logger": "training", "message": "에피소드 650", "module": "logging_system", "function": "info", "line": 160, "extra": {"episode": 650, "reward": -12.953846671749691, "recent_avg_reward": -20.138306816519396, "duration": 0.5576171875, "loss": 0.0}}
{"timestamp": "2025-06-20T18:30:35.338305", "level": "INFO", "logger": "training", "message": "에피소드 660", "module": "logging_system", "function": "info", "line": 160, "extra": {"episode": 660, "reward": -12.054304623288376, "recent_avg_reward": -14.436187289113363, "duration": -0.3797600269317627, "loss": 0.0}}
{"timestamp": "2025-06-20T18:30:39.645204", "level": "INFO", "logger": "training", "message": "에피소드 670", "module": "logging_system", "function": "info", "line": 160, "extra": {"episode": 670, "reward": -11.425744360195248, "recent_avg_reward": -21.615464416323242, "duration": 0.5518050193786621, "loss": 0.0}}
{"timestamp": "2025-06-20T18:30:45.320779", "level": "INFO", "logger": "training", "message": "에피소드 680", "module": "logging_system", "function": "info", "line": 160, "extra": {"episode": 680, "reward": -0.14280716710582628, "recent_avg_reward": -12.358309565116953, "duration": 0.568173885345459, "loss": 0.0}}
{"timestamp": "2025-06-20T18:30:51.006812", "level": "INFO", "logger": "training", "message": "에피소드 690", "module": "logging_system", "function": "info", "line": 160, "extra": {"episode": 690, "reward": -11.630568204751821, "recent_avg_reward": -21.699616093573532, "duration": 0.605600118637085, "loss": 0.0}}
{"timestamp": "2025-06-20T18:30:56.716838", "level": "INFO", "logger": "training", "message": "에피소드 700", "module": "logging_system", "function": "info", "line": 160, "extra": {"episode": 700, "reward": -23.614004569755878, "recent_avg_reward": -19.212959894146884, "duration": 0.5546231269836426, "loss": 0.0}}
{"timestamp": "2025-06-20T18:31:02.463939", "level": "INFO", "logger": "training", "message": "에피소드 710", "module": "logging_system", "function": "info", "line": 160, "extra": {"episode": 710, "reward": -12.682611415257375, "recent_avg_reward": -17.96270309793102, "duration": 0.5771808624267578, "loss": 0.0}}
{"timestamp": "2025-06-20T18:31:05.734966", "level": "INFO", "logger": "training", "message": "에피소드 720", "module": "logging_system", "function": "info", "line": 160, "extra": {"episode": 720, "reward": -0.21020910924490643, "recent_avg_reward": -13.739362907915979, "duration": 0.6093864440917969, "loss": 0.0}}
{"timestamp": "2025-06-20T18:31:11.538551", "level": "INFO", "logger": "training", "message": "에피소드 730", "module": "logging_system", "function": "info", "line": 160, "extra": {"episode": 730, "reward": -23.687960468486363, "recent_avg_reward": -18.431901258187835, "duration": 0.5941030979156494, "loss": 0.0}}
{"timestamp": "2025-06-20T18:31:17.368649", "level": "INFO", "logger": "training", "message": "에피소드 740", "module": "logging_system", "function": "info", "line": 160, "extra": {"episode": 740, "reward": -32.28956115261631, "recent_avg_reward": -19.92901364566314, "duration": 0.5623228549957275, "loss": 0.0}}
{"timestamp": "2025-06-20T18:31:23.068218", "level": "INFO", "logger": "training", "message": "에피소드 750", "module": "logging_system", "function": "info", "line": 160, "extra": {"episode": 750, "reward": -23.696896053434696, "recent_avg_reward": -22.292773905888303, "duration": 0.5763113498687744, "loss": 0.0}}
{"timestamp": "2025-06-20T18:31:28.917933", "level": "INFO", "logger": "training", "message": "에피소드 760", "module": "logging_system", "function": "info", "line": 160, "extra": {"episode": 760, "reward": -11.72230798192181, "recent_avg_reward": -15.466477580092976, "duration": 0.5310690402984619, "loss": 0.0}}
{"timestamp": "2025-06-20T18:31:32.150618", "level": "INFO", "logger": "training", "message": "에피소드 770", "module": "logging_system", "function": "info", "line": 160, "extra": {"episode": 770, "reward": -0.30476572775370064, "recent_avg_reward": -20.26648254127422, "duration": 0.5562167167663574, "loss": 0.0}}
{"timestamp": "2025-06-20T18:31:37.806695", "level": "INFO", "logger": "training", "message": "에피소드 780", "module": "logging_system", "function": "info", "line": 160, "extra": {"episode": 780, "reward": -29.897708334728616, "recent_avg_reward": -18.777394633162793, "duration": 0.5796267986297607, "loss": 0.0}}
{"timestamp": "2025-06-20T18:31:43.736554", "level": "INFO", "logger": "training", "message": "에피소드 790", "module": "logging_system", "function": "info", "line": 160, "extra": {"episode": 790, "reward": -12.473707531541367, "recent_avg_reward": -20.910657145506867, "duration": 0.5805740356445312, "loss": 0.0}}
{"timestamp": "2025-06-20T18:31:49.509746", "level": "INFO", "logger": "training", "message": "에피소드 800", "module": "logging_system", "function": "info", "line": 160, "extra": {"episode": 800, "reward": -12.623540739219298, "recent_avg_reward": -19.767217336893754, "duration": 0.5822432041168213, "loss": 0.0}}
{"timestamp": "2025-06-20T18:31:55.329028", "level": "INFO", "logger": "training", "message": "에피소드 810", "module": "logging_system", "function": "info", "line": 160, "extra": {"episode": 810, "reward": -0.39827131597441057, "recent_avg_reward": -15.254416824442803, "duration": 0.5683956146240234, "loss": 0.0}}
{"timestamp": "2025-06-20T18:31:58.677915", "level": "INFO", "logger": "training", "message": "에피소드 820", "module": "logging_system", "function": "info", "line": 160, "extra": {"episode": 820, "reward": -0.3015049607016923, "recent_avg_reward": -20.786757267877114, "duration": 0.5529074668884277, "loss": 0.0}}
{"timestamp": "2025-06-20T18:32:04.451280", "level": "INFO", "logger": "training", "message": "에피소드 830", "module": "logging_system", "function": "info", "line": 160, "extra": {"episode": 830, "reward": -12.284476175639956, "recent_avg_reward": -16.972303851120603, "duration": 0.6076869964599609, "loss": 0.0}}
{"timestamp": "2025-06-20T18:32:10.273383", "level": "INFO", "logger": "training", "message": "에피소드 840", "module": "logging_system", "function": "info", "line": 160, "extra": {"episode": 840, "reward": -34.63339797284666, "recent_avg_reward": -22.560892486503626, "duration": 0.5968735218048096, "loss": 0.0}}
{"timestamp": "2025-06-20T18:32:16.154166", "level": "INFO", "logger": "training", "message": "에피소드 850", "module": "logging_system", "function": "info", "line": 160, "extra": {"episode": 850, "reward": -11.5862336084457, "recent_avg_reward": -23.126488779987618, "duration": 0.5782413482666016, "loss": 0.0}}
{"timestamp": "2025-06-20T18:32:21.881064", "level": "INFO", "logger": "training", "message": "에피소드 860", "module": "logging_system", "function": "info", "line": 160, "extra": {"episode": 860, "reward": -12.452802957569732, "recent_avg_reward": -17.040476386057648, "duration": 0.5621414184570312, "loss": 0.0}}
{"timestamp": "2025-06-20T18:32:25.029515", "level": "INFO", "logger": "training", "message": "에피소드 870", "module": "logging_system", "function": "info", "line": 160, "extra": {"episode": 870, "reward": -33.74783008526983, "recent_avg_reward": -19.18319687351862, "duration": 0.545745849609375, "loss": 0.0}}
{"timestamp": "2025-06-20T18:32:30.886689", "level": "INFO", "logger": "training", "message": "에피소드 880", "module": "logging_system", "function": "info", "line": 160, "extra": {"episode": 880, "reward": -0.24119945214295943, "recent_avg_reward": -21.35790081038939, "duration": 0.6267461776733398, "loss": 0.0}}
{"timestamp": "2025-06-20T18:32:36.655069", "level": "INFO", "logger": "training", "message": "에피소드 890", "module": "logging_system", "function": "info", "line": 160, "extra": {"episode": 890, "reward": -22.70706132291504, "recent_avg_reward": -21.006833159518816, "duration": 0.62394118309021, "loss": 0.0}}
{"timestamp": "2025-06-20T18:32:42.746516", "level": "INFO", "logger": "training", "message": "에피소드 900", "module": "logging_system", "function": "info", "line": 160, "extra": {"episode": 900, "reward": -23.64284596677778, "recent_avg_reward": -22.29006279550835, "duration": 0.5794217586517334, "loss": 0.0}}
{"timestamp": "2025-06-20T18:32:48.751338", "level": "INFO", "logger": "training", "message": "에피소드 910", "module": "logging_system", "function": "info", "line": 160, "extra": {"episode": 910, "reward": -33.28108419730248, "recent_avg_reward": -19.322917991685628, "duration": 0.587846040725708, "loss": 0.0}}
{"timestamp": "2025-06-20T18:32:51.968431", "level": "INFO", "logger": "training", "message": "에피소드 920", "module": "logging_system", "function": "info", "line": 160, "extra": {"episode": 920, "reward": -31.879436557301858, "recent_avg_reward": -22.50190896741835, "duration": 0.5684909820556641, "loss": 0.0}}
{"timestamp": "2025-06-20T18:32:57.788939", "level": "INFO", "logger": "training", "message": "에피소드 930", "module": "logging_system", "function": "info", "line": 160, "extra": {"episode": 930, "reward": -22.2732098418627, "recent_avg_reward": -15.942615629673663, "duration": 0.5722622871398926, "loss": 0.0}}
{"timestamp": "2025-06-20T18:33:03.667323", "level": "INFO", "logger": "training", "message": "에피소드 940", "module": "logging_system", "function": "info", "line": 160, "extra": {"episode": 940, "reward": -22.704238709447253, "recent_avg_reward": -18.9369424495087, "duration": 0.5599815845489502, "loss": 0.0}}
{"timestamp": "2025-06-20T18:33:09.600187", "level": "INFO", "logger": "training", "message": "에피소드 950", "module": "logging_system", "function": "info", "line": 160, "extra": {"episode": 950, "reward": -22.35073656454615, "recent_avg_reward": -12.866450768566102, "duration": 0.5782792568206787, "loss": 0.0}}
{"timestamp": "2025-06-20T18:33:15.458189", "level": "INFO", "logger": "training", "message": "에피소드 960", "module": "logging_system", "function": "info", "line": 160, "extra": {"episode": 960, "reward": -34.13692545951708, "recent_avg_reward": -19.359762571098365, "duration": 0.6086146831512451, "loss": 0.0}}
{"timestamp": "2025-06-20T18:33:18.902528", "level": "INFO", "logger": "training", "message": "에피소드 970", "module": "logging_system", "function": "info", "line": 160, "extra": {"episode": 970, "reward": -23.051038296941005, "recent_avg_reward": -16.92730286589815, "duration": -1.8601489067077637, "loss": 0.0}}
{"timestamp": "2025-06-20T18:33:24.694678", "level": "INFO", "logger": "training", "message": "에피소드 980", "module": "logging_system", "function": "info", "line": 160, "extra": {"episode": 980, "reward": -23.032338505820594, "recent_avg_reward": -18.429221986209456, "duration": 0.5569469928741455, "loss": 0.0}}
{"timestamp": "2025-06-20T18:33:30.613849", "level": "INFO", "logger": "training", "message": "에피소드 990", "module": "logging_system", "function": "info", "line": 160, "extra": {"episode": 990, "reward": -11.528562653597419, "recent_avg_reward": -17.801474592206965, "duration": 0.59932541847229, "loss": 0.0}}
{"timestamp": "2025-06-20T18:33:35.872209", "level": "INFO", "logger": "training", "message": "훈련 완료", "module": "logging_system", "function": "info", "line": 160, "extra": {"env_name": "ContinuousCartPole", "algorithm": "ddpg", "total_episodes": 1000, "final_avg_reward": -18.168361997685757}}
{"timestamp": "2025-06-20T18:33:35.877446", "level": "INFO", "logger": "training", "message": "훈련 결과 저장", "module": "logging_system", "function": "info", "line": 160, "extra": {"results_file": "results/comprehensive_training/ddpg_ContinuousCartPole_20250620_180628.json", "env_name": "ContinuousCartPole", "algorithm": "ddpg"}}
{"timestamp": "2025-06-20T18:33:35.926978", "level": "INFO", "logger": "training", "message": "종합 훈련 완료", "module": "logging_system", "function": "info", "line": 160, "extra": {"summary_file": "results/comprehensive_training/comprehensive_summary_20250620_180628.json"}}
